EukM6_2082	EukM6_2082
EukM6_10402	EukM6_10402
EukM6_10402	EukM6_10403
EukM6_10998	EukM6_10998
EukM6_25189	EukM6_25189
EukM6_25189	EukM6_3595302
EukM6_25189	EukM6_5001384
EukM6_25189	EukM6_5017638
EukM6_25189	EukM6_5221672
EukM6_25189	EukM6_5690642
EukM6_25189	EukM6_5714204
EukM6_34573	EukM6_34573
EukM6_34573	EukM6_3597978
EukM6_34573	EukM6_5696847
EukM6_34573	EukM6_5707273
EukM6_36185	EukM6_36185
EukM6_36185	EukM6_36186
EukM6_36185	EukM6_36187
EukM6_36185	EukM6_36188
EukM6_36185	EukM6_3598046
EukM6_36185	EukM6_3598047
EukM6_36185	EukM6_3598048
EukM6_36185	EukM6_3598049
EukM6_39316	EukM6_39316
EukM6_39316	EukM6_25202
EukM6_39316	EukM6_39317
EukM6_39316	EukM6_3618383
EukM6_39316	EukM6_3618384
EukM6_39316	EukM6_3618385
EukM6_39316	EukM6_3618386
EukM6_39316	EukM6_3618387
EukM6_46607	EukM6_46607
EukM6_46607	EukM6_46608
EukM6_46607	EukM6_46609
EukM6_46607	EukM6_46610
EukM6_46607	EukM6_3608296
EukM6_46607	EukM6_3608297
EukM6_46617	EukM6_46617
EukM6_46617	EukM6_46618
EukM6_46617	EukM6_46619
EukM6_46617	EukM6_3608196
EukM6_49361	EukM6_49361
EukM6_50265	EukM6_50265
EukM6_51125	EukM6_51125
EukM6_55086	EukM6_55086
EukM6_55086	EukM6_1751765
EukM6_55086	EukM6_2982685
EukM6_55086	EukM6_5195904
EukM6_55086	EukM6_6169678
EukM6_55086	EukM6_5152302
EukM6_55086	EukM6_145055
EukM6_55086	EukM6_3018042
EukM6_55683	EukM6_55683
EukM6_55683	EukM6_6171068
EukM6_55761	EukM6_55761
EukM6_59939	EukM6_59939
EukM6_59939	EukM6_3295245
EukM6_77107	EukM6_77107
EukM6_77107	EukM6_77108
EukM6_77107	EukM6_77109
EukM6_77107	EukM6_3278991
EukM6_77107	EukM6_3295151
EukM6_77107	EukM6_3295152
EukM6_88547	EukM6_88547
EukM6_88547	EukM6_3275284
EukM6_88547	EukM6_3275285
EukM6_91102	EukM6_91102
EukM6_91102	EukM6_91101
EukM6_98222	EukM6_98222
EukM6_98969	EukM6_98969
EukM6_98969	EukM6_4051391
EukM6_102442	EukM6_102442
EukM6_102442	EukM6_99265
EukM6_102442	EukM6_1861100
EukM6_102442	EukM6_4049305
EukM6_102442	EukM6_5999794
EukM6_103144	EukM6_103144
EukM6_122017	EukM6_122017
EukM6_122017	EukM6_113853
EukM6_122017	EukM6_115875
EukM6_122017	EukM6_122044
EukM6_122017	EukM6_138675
EukM6_122017	EukM6_142988
EukM6_122071	EukM6_122071
EukM6_123304	EukM6_123304
EukM6_124361	EukM6_124361
EukM6_125564	EukM6_125564
EukM6_125564	EukM6_125565
EukM6_125564	EukM6_132390
EukM6_125564	EukM6_115469
EukM6_125679	EukM6_125679
EukM6_125679	EukM6_132179
EukM6_125897	EukM6_125897
EukM6_126043	EukM6_126043
EukM6_131794	EukM6_131794
EukM6_134623	EukM6_134623
EukM6_139687	EukM6_139687
EukM6_141735	EukM6_141735
EukM6_142583	EukM6_142583
EukM6_146072	EukM6_146072
EukM6_150455	EukM6_150455
EukM6_150677	EukM6_150677
EukM6_152373	EukM6_152373
EukM6_152396	EukM6_152396
EukM6_156876	EukM6_156876
EukM6_156876	EukM6_156878
EukM6_156876	EukM6_156887
EukM6_156876	EukM6_156892
EukM6_156876	EukM6_3902411
EukM6_156876	EukM6_4036564
EukM6_156876	EukM6_5033932
EukM6_158025	EukM6_158025
EukM6_160717	EukM6_160717
EukM6_164595	EukM6_164595
EukM6_164623	EukM6_164623
EukM6_164631	EukM6_164631
EukM6_167314	EukM6_167314
EukM6_167523	EukM6_167523
EukM6_167523	EukM6_167524
EukM6_167881	EukM6_167881
EukM6_167881	EukM6_169533
EukM6_171462	EukM6_171462
EukM6_179762	EukM6_179762
EukM6_179762	EukM6_178664
EukM6_181082	EukM6_181082
EukM6_181082	EukM6_183643
EukM6_181082	EukM6_1162618
EukM6_181082	EukM6_1402340
EukM6_185721	EukM6_185721
EukM6_186688	EukM6_186688
EukM6_189064	EukM6_189064
EukM6_190237	EukM6_190237
EukM6_190237	EukM6_198198
EukM6_190237	EukM6_199438
EukM6_190237	EukM6_210138
EukM6_190237	EukM6_210139
EukM6_190237	EukM6_210140
EukM6_190237	EukM6_557275
EukM6_190237	EukM6_590049
EukM6_190237	EukM6_603761
EukM6_190237	EukM6_620206
EukM6_190237	EukM6_600030
EukM6_190237	EukM6_616494
EukM6_190237	EukM6_3244415
EukM6_190237	EukM6_3244416
EukM6_190237	EukM6_614297
EukM6_190237	EukM6_596765
EukM6_190237	EukM6_2470516
EukM6_190237	EukM6_562208
EukM6_190237	EukM6_3476766
EukM6_190237	EukM6_5473748
EukM6_190237	EukM6_2492897
EukM6_190237	EukM6_3483162
EukM6_190237	EukM6_5483463
EukM6_190237	EukM6_590903
EukM6_190237	EukM6_612499
EukM6_190237	EukM6_3231785
EukM6_190237	EukM6_5473407
EukM6_190237	EukM6_3488538
EukM6_190237	EukM6_5492284
EukM6_193037	EukM6_193037
EukM6_193037	EukM6_212041
EukM6_193037	EukM6_608873
EukM6_193037	EukM6_3257084
EukM6_193037	EukM6_3476345
EukM6_193037	EukM6_3838852
EukM6_193037	EukM6_3838853
EukM6_193037	EukM6_3838854
EukM6_193037	EukM6_3838855
EukM6_193037	EukM6_5474929
EukM6_193037	EukM6_5561790
EukM6_193037	EukM6_5561792
EukM6_193037	EukM6_547570
EukM6_193037	EukM6_547571
EukM6_193037	EukM6_547572
EukM6_193037	EukM6_581221
EukM6_193037	EukM6_581222
EukM6_193037	EukM6_581223
EukM6_193037	EukM6_581224
EukM6_193037	EukM6_581225
EukM6_193037	EukM6_587724
EukM6_193037	EukM6_605201
EukM6_193037	EukM6_2941073
EukM6_193037	EukM6_2941074
EukM6_193037	EukM6_2941075
EukM6_193037	EukM6_2941076
EukM6_193037	EukM6_2941077
EukM6_193037	EukM6_2941078
EukM6_193037	EukM6_2941079
EukM6_193037	EukM6_2941080
EukM6_193037	EukM6_2944934
EukM6_193037	EukM6_3876712
EukM6_193037	EukM6_3838851
EukM6_193037	EukM6_3876713
EukM6_193037	EukM6_3876714
EukM6_193037	EukM6_3876715
EukM6_193037	EukM6_3876716
EukM6_193037	EukM6_3876717
EukM6_193037	EukM6_3876718
EukM6_193037	EukM6_3876719
EukM6_193037	EukM6_3876720
EukM6_193037	EukM6_5561789
EukM6_193037	EukM6_5561791
EukM6_550529	EukM6_550529
EukM6_554911	EukM6_554911
EukM6_554915	EukM6_554915
EukM6_554964	EukM6_554964
EukM6_554964	EukM6_554914
EukM6_555012	EukM6_555012
EukM6_555012	EukM6_196876
EukM6_555012	EukM6_555011
EukM6_555012	EukM6_555013
EukM6_555012	EukM6_555014
EukM6_555012	EukM6_607103
EukM6_555012	EukM6_608722
EukM6_555012	EukM6_2512463
EukM6_555012	EukM6_2927806
EukM6_555012	EukM6_2927807
EukM6_555012	EukM6_3230057
EukM6_555012	EukM6_3471471
EukM6_555012	EukM6_3472077
EukM6_555012	EukM6_3496497
EukM6_555012	EukM6_3500266
EukM6_555012	EukM6_3870304
EukM6_555012	EukM6_3870305
EukM6_555012	EukM6_3870306
EukM6_555012	EukM6_3870307
EukM6_555012	EukM6_3870308
EukM6_555012	EukM6_3870309
EukM6_555012	EukM6_5444113
EukM6_555012	EukM6_5450729
EukM6_555012	EukM6_5484376
EukM6_555012	EukM6_5487420
EukM6_555012	EukM6_5487421
EukM6_555012	EukM6_5542206
EukM6_555012	EukM6_5542207
EukM6_555012	EukM6_5542208
EukM6_555012	EukM6_5542209
EukM6_555012	EukM6_5575839
EukM6_555012	EukM6_5575840
EukM6_555012	EukM6_5575841
EukM6_555012	EukM6_5575842
EukM6_555012	EukM6_5575843
EukM6_555012	EukM6_5575844
EukM6_555012	EukM6_5575845
EukM6_555012	EukM6_5575846
EukM6_555563	EukM6_555563
EukM6_555610	EukM6_555610
EukM6_555776	EukM6_555776
EukM6_565625	EukM6_565625
EukM6_568466	EukM6_568466
EukM6_568467	EukM6_568467
EukM6_568469	EukM6_568469
EukM6_579077	EukM6_579077
EukM6_579077	EukM6_571743
EukM6_579372	EukM6_579372
EukM6_589781	EukM6_589781
EukM6_595913	EukM6_595913
EukM6_595913	EukM6_595914
EukM6_595913	EukM6_610328
EukM6_604558	EukM6_604558
EukM6_604558	EukM6_583498
EukM6_604737	EukM6_604737
EukM6_605323	EukM6_605323
EukM6_607652	EukM6_607652
EukM6_608708	EukM6_608708
EukM6_875623	EukM6_875623
EukM6_875623	EukM6_886880
EukM6_875623	EukM6_952834
EukM6_875623	EukM6_999231
EukM6_1057733	EukM6_1057733
EukM6_1057733	EukM6_1000575
EukM6_1057733	EukM6_802123
EukM6_1057733	EukM6_802124
EukM6_1057733	EukM6_810759
EukM6_1057733	EukM6_810760
EukM6_1057733	EukM6_810761
EukM6_1057733	EukM6_831008
EukM6_1057733	EukM6_855985
EukM6_1057733	EukM6_855986
EukM6_1057733	EukM6_855987
EukM6_1057733	EukM6_864575
EukM6_1057733	EukM6_864576
EukM6_1057733	EukM6_864577
EukM6_1057733	EukM6_876738
EukM6_1057733	EukM6_880958
EukM6_1057733	EukM6_888289
EukM6_1057733	EukM6_893815
EukM6_1057733	EukM6_905933
EukM6_1057733	EukM6_905982
EukM6_1057733	EukM6_905985
EukM6_1057733	EukM6_922799
EukM6_1057733	EukM6_922808
EukM6_1057733	EukM6_922848
EukM6_1057733	EukM6_959171
EukM6_1057733	EukM6_963349
EukM6_1057733	EukM6_990826
EukM6_1057733	EukM6_990827
EukM6_1057733	EukM6_1017388
EukM6_1057733	EukM6_1030527
EukM6_1057733	EukM6_1036532
EukM6_1057733	EukM6_1049209
EukM6_1057733	EukM6_1049643
EukM6_1057733	EukM6_1052515
EukM6_2199170	EukM6_2199170
EukM6_2207138	EukM6_2207138
EukM6_2208475	EukM6_2208475
EukM6_2209044	EukM6_2209044
EukM6_2213945	EukM6_2213945
EukM6_2213945	EukM6_1510609
EukM6_2216461	EukM6_2216461
EukM6_2217213	EukM6_2217213
EukM6_2217213	EukM6_1507171
EukM6_2217527	EukM6_2217527
EukM6_2217527	EukM6_1503919
EukM6_2218571	EukM6_2218571
EukM6_2218571	EukM6_1510053
EukM6_2221802	EukM6_2221802
EukM6_2223119	EukM6_2223119
EukM6_2224687	EukM6_2224687
EukM6_2226874	EukM6_2226874
EukM6_2242293	EukM6_2242293
EukM6_2242542	EukM6_2242542
EukM6_2244539	EukM6_2244539
EukM6_2244539	EukM6_2228130
EukM6_2248353	EukM6_2248353
EukM6_2250187	EukM6_2250187
EukM6_2250839	EukM6_2250839
EukM6_2256107	EukM6_2256107
EukM6_2256254	EukM6_2256254
EukM6_2261364	EukM6_2261364
EukM6_2266317	EukM6_2266317
EukM6_2278700	EukM6_2278700
EukM6_2279404	EukM6_2279404
EukM6_2279404	EukM6_2279403
EukM6_2280368	EukM6_2280368
EukM6_2280453	EukM6_2280453
EukM6_2280453	EukM6_2280454
EukM6_2280453	EukM6_2280455
EukM6_2299953	EukM6_2299953
EukM6_2307123	EukM6_2307123
EukM6_2311837	EukM6_2311837
EukM6_2314472	EukM6_2314472
EukM6_2321735	EukM6_2321735
EukM6_2321735	EukM6_2379812
EukM6_2321735	EukM6_1317057
EukM6_2321735	EukM6_1317058
EukM6_2321735	EukM6_1317059
EukM6_2321735	EukM6_3156340
EukM6_2321735	EukM6_3166997
EukM6_2321735	EukM6_3182077
EukM6_2321735	EukM6_3189871
EukM6_2321735	EukM6_3189872
EukM6_2340406	EukM6_2340406
EukM6_2340406	EukM6_1601276
EukM6_2340406	EukM6_310957
EukM6_2340406	EukM6_1332580
EukM6_2340406	EukM6_1601273
EukM6_2340406	EukM6_1601275
EukM6_2340406	EukM6_1601277
EukM6_2340406	EukM6_2340405
EukM6_2340406	EukM6_2340407
EukM6_2340406	EukM6_2368642
EukM6_2340406	EukM6_2411012
EukM6_2340406	EukM6_2434364
EukM6_2340406	EukM6_2434365
EukM6_2340406	EukM6_2434366
EukM6_2340406	EukM6_3118097
EukM6_2340406	EukM6_3177852
EukM6_2340406	EukM6_3177853
EukM6_2340406	EukM6_3177854
EukM6_2340406	EukM6_3177855
EukM6_2340406	EukM6_3186653
EukM6_2340406	EukM6_6251263
EukM6_2340406	EukM6_1769503
EukM6_2340406	EukM6_5910568
EukM6_2343683	EukM6_2343683
EukM6_2343683	EukM6_2343684
EukM6_2343683	EukM6_2430517
EukM6_2343683	EukM6_2430518
EukM6_2343683	EukM6_2430519
EukM6_2343683	EukM6_2430521
EukM6_2343683	EukM6_302098
EukM6_2343683	EukM6_1318084
EukM6_2343683	EukM6_1318085
EukM6_2343683	EukM6_1318086
EukM6_2343683	EukM6_1318087
EukM6_2343683	EukM6_1318089
EukM6_2343683	EukM6_1631608
EukM6_2343683	EukM6_1631612
EukM6_2343683	EukM6_1810659
EukM6_2343683	EukM6_2343681
EukM6_2343683	EukM6_2374142
EukM6_2343683	EukM6_2390162
EukM6_2343683	EukM6_2400423
EukM6_2343683	EukM6_2430516
EukM6_2343683	EukM6_2430520
EukM6_2343683	EukM6_3132813
EukM6_2343683	EukM6_3160819
EukM6_2343683	EukM6_3686495
EukM6_2343683	EukM6_3686496
EukM6_2343683	EukM6_5910926
EukM6_2343683	EukM6_6243550
EukM6_2397466	EukM6_2397466
EukM6_2397466	EukM6_314404
EukM6_2397466	EukM6_330579
EukM6_2397466	EukM6_1296934
EukM6_2397466	EukM6_1296935
EukM6_2397466	EukM6_1296936
EukM6_2397466	EukM6_1296937
EukM6_2397466	EukM6_1296938
EukM6_2397466	EukM6_1296939
EukM6_2397466	EukM6_1597293
EukM6_2397466	EukM6_1604037
EukM6_2397466	EukM6_1764314
EukM6_2397466	EukM6_2330581
EukM6_2397466	EukM6_2372739
EukM6_2397466	EukM6_2390798
EukM6_2397466	EukM6_2397464
EukM6_2397466	EukM6_2397465
EukM6_2397466	EukM6_2397467
EukM6_2397466	EukM6_2397468
EukM6_2397466	EukM6_2412398
EukM6_2397466	EukM6_2439574
EukM6_2397466	EukM6_2439575
EukM6_2397466	EukM6_2439576
EukM6_2397466	EukM6_3126607
EukM6_2397466	EukM6_3126608
EukM6_2397466	EukM6_3160351
EukM6_2397466	EukM6_3209466
EukM6_2397466	EukM6_3209467
EukM6_2397466	EukM6_3209468
EukM6_2397466	EukM6_3681131
EukM6_2397466	EukM6_3692110
EukM6_2397466	EukM6_3692111
EukM6_2397466	EukM6_3764408
EukM6_2397466	EukM6_5899799
EukM6_2397466	EukM6_6237769
EukM6_3444019	EukM6_3444019
EukM6_3444019	EukM6_3444018
EukM6_3474463	EukM6_3474463
EukM6_3474463	EukM6_2511729
EukM6_3474463	EukM6_3477089
EukM6_3474463	EukM6_5507473
EukM6_3475002	EukM6_3475002
EukM6_3475002	EukM6_2508818
EukM6_3494306	EukM6_3494306
EukM6_3494306	EukM6_2514092
EukM6_3494306	EukM6_5515632
EukM6_3509179	EukM6_3509179
EukM6_3509653	EukM6_3509653
EukM6_3509834	EukM6_3509834
EukM6_3509926	EukM6_3509926
EukM6_3512427	EukM6_3512427
EukM6_3512427	EukM6_2997943
EukM6_3512536	EukM6_3512536
EukM6_3513170	EukM6_3513170
EukM6_3513772	EukM6_3513772
EukM6_3516498	EukM6_3516498
EukM6_3516811	EukM6_3516811
EukM6_3517052	EukM6_3517052
EukM6_3520263	EukM6_3520263
EukM6_3520263	EukM6_3521966
EukM6_3520263	EukM6_3522082
EukM6_3520263	EukM6_5742479
EukM6_3521186	EukM6_3521186
EukM6_3521186	EukM6_3521030
EukM6_3523111	EukM6_3523111
EukM6_3541248	EukM6_3541248
EukM6_3541248	EukM6_3541295
EukM6_3541248	EukM6_3541376
EukM6_3541248	EukM6_3541496
EukM6_3541248	EukM6_5759012
EukM6_3546323	EukM6_3546323
EukM6_3550363	EukM6_3550363
EukM6_3552909	EukM6_3552909
EukM6_3554774	EukM6_3554774
EukM6_3554774	EukM6_3563179
EukM6_3554774	EukM6_3563692
EukM6_3554774	EukM6_3567703
EukM6_3554774	EukM6_3575895
EukM6_3554774	EukM6_3575896
EukM6_3554774	EukM6_3577183
EukM6_3554774	EukM6_3579335
EukM6_3563333	EukM6_3563333
EukM6_3563333	EukM6_3557977
EukM6_3564498	EukM6_3564498
EukM6_3564849	EukM6_3564849
EukM6_3566792	EukM6_3566792
EukM6_3587586	EukM6_3587586
EukM6_3598546	EukM6_3598546
EukM6_3598546	EukM6_29370
EukM6_3598546	EukM6_29371
EukM6_3598546	EukM6_29372
EukM6_3598546	EukM6_3598545
EukM6_3598546	EukM6_3598547
EukM6_3628236	EukM6_3628236
EukM6_3629114	EukM6_3629114
EukM6_3633014	EukM6_3633014
EukM6_3633237	EukM6_3633237
EukM6_3633324	EukM6_3633324
EukM6_3640439	EukM6_3640439
EukM6_3641128	EukM6_3641128
EukM6_3641457	EukM6_3641457
EukM6_3645091	EukM6_3645091
EukM6_3653492	EukM6_3653492
EukM6_3655111	EukM6_3655111
EukM6_3657221	EukM6_3657221
EukM6_3657221	EukM6_783626
EukM6_3658169	EukM6_3658169
EukM6_3662697	EukM6_3662697
EukM6_3662880	EukM6_3662880
EukM6_3664193	EukM6_3664193
EukM6_3664919	EukM6_3664919
EukM6_3664919	EukM6_788461
EukM6_3667977	EukM6_3667977
EukM6_3667977	EukM6_792780
EukM6_3669302	EukM6_3669302
EukM6_3706445	EukM6_3706445
EukM6_3706445	EukM6_3706444
EukM6_3715210	EukM6_3715210
EukM6_3715210	EukM6_645309
EukM6_3715210	EukM6_3708875
EukM6_3716220	EukM6_3716220
EukM6_3716220	EukM6_633104
EukM6_3716220	EukM6_3350125
EukM6_3718582	EukM6_3718582
EukM6_3718582	EukM6_635295
EukM6_3722978	EukM6_3722978
EukM6_3733299	EukM6_3733299
EukM6_3733299	EukM6_3728350
EukM6_3748804	EukM6_3748804
EukM6_3748804	EukM6_3748803
EukM6_3757524	EukM6_3757524
EukM6_3762101	EukM6_3762101
EukM6_3777179	EukM6_3777179
EukM6_3777179	EukM6_3777178
EukM6_3777179	EukM6_302542
EukM6_3777179	EukM6_325392
EukM6_3777179	EukM6_1312609
EukM6_3777179	EukM6_1592475
EukM6_3777179	EukM6_1595474
EukM6_3777179	EukM6_1632932
EukM6_3777179	EukM6_2367228
EukM6_3777179	EukM6_3116656
EukM6_3777179	EukM6_3680111
EukM6_3777179	EukM6_3705873
EukM6_3777179	EukM6_3784364
EukM6_3777179	EukM6_6243488
EukM6_3777179	EukM6_6243489
EukM6_3777179	EukM6_6245438
EukM6_3777179	EukM6_6245439
EukM6_3785519	EukM6_3785519
EukM6_3788027	EukM6_3788027
EukM6_3788716	EukM6_3788716
EukM6_3789074	EukM6_3789074
EukM6_3789233	EukM6_3789233
EukM6_3790110	EukM6_3790110
EukM6_3792745	EukM6_3792745
EukM6_3792745	EukM6_2054811
EukM6_3793229	EukM6_3793229
EukM6_3793692	EukM6_3793692
EukM6_3793719	EukM6_3793719
EukM6_3793956	EukM6_3793956
EukM6_3802514	EukM6_3802514
EukM6_3804005	EukM6_3804005
EukM6_3818918	EukM6_3818918
EukM6_3824580	EukM6_3824580
EukM6_3824580	EukM6_3108741
EukM6_3824580	EukM6_6164351
EukM6_3833052	EukM6_3833052
EukM6_3833052	EukM6_3115294
EukM6_1075228	EukM6_1075228
EukM6_1079200	EukM6_1079200
EukM6_1080041	EukM6_1080041
EukM6_1080268	EukM6_1080268
EukM6_1080268	EukM6_1076969
EukM6_1081381	EukM6_1081381
EukM6_1084331	EukM6_1084331
EukM6_1085950	EukM6_1085950
EukM6_1087114	EukM6_1087114
EukM6_1088241	EukM6_1088241
EukM6_1089930	EukM6_1089930
EukM6_1090354	EukM6_1090354
EukM6_1090896	EukM6_1090896
EukM6_1091822	EukM6_1091822
EukM6_1106486	EukM6_1106486
EukM6_1106486	EukM6_1106487
EukM6_1106486	EukM6_1106488
EukM6_1106486	EukM6_1106489
EukM6_1106486	EukM6_1106490
EukM6_1106486	EukM6_1123974
EukM6_1106486	EukM6_1123975
EukM6_1106486	EukM6_1123976
EukM6_1106486	EukM6_1123977
EukM6_1106486	EukM6_1123978
EukM6_1106486	EukM6_2870396
EukM6_1106486	EukM6_3380248
EukM6_1106916	EukM6_1106916
EukM6_1106916	EukM6_1106917
EukM6_1106916	EukM6_1123689
EukM6_1106916	EukM6_1123690
EukM6_1131274	EukM6_1131274
EukM6_1131274	EukM6_1131275
EukM6_1131274	EukM6_1131276
EukM6_1131274	EukM6_1131278
EukM6_1131274	EukM6_1125381
EukM6_1131274	EukM6_1125382
EukM6_1131274	EukM6_1125383
EukM6_1131274	EukM6_1125384
EukM6_1133127	EukM6_1133127
EukM6_1133127	EukM6_1133128
EukM6_1133127	EukM6_1133129
EukM6_1133127	EukM6_1133130
EukM6_1147661	EukM6_1147661
EukM6_1147661	EukM6_1147659
EukM6_1147661	EukM6_1147660
EukM6_1156524	EukM6_1156524
EukM6_1156524	EukM6_1156523
EukM6_1159240	EukM6_1159240
EukM6_1159254	EukM6_1159254
EukM6_1163913	EukM6_1163913
EukM6_1166499	EukM6_1166499
EukM6_1170983	EukM6_1170983
EukM6_1173952	EukM6_1173952
EukM6_1173998	EukM6_1173998
EukM6_1178148	EukM6_1178148
EukM6_1178148	EukM6_1178147
EukM6_1195055	EukM6_1195055
EukM6_1202007	EukM6_1202007
EukM6_1205202	EukM6_1205202
EukM6_1209274	EukM6_1209274
EukM6_1209274	EukM6_1209275
EukM6_1209274	EukM6_1209276
EukM6_1209274	EukM6_1209277
EukM6_1212474	EukM6_1212474
EukM6_1217018	EukM6_1217018
EukM6_1232617	EukM6_1232617
EukM6_1243268	EukM6_1243268
EukM6_1243268	EukM6_1245131
EukM6_1243268	EukM6_3407693
EukM6_1247627	EukM6_1247627
EukM6_1252388	EukM6_1252388
EukM6_1255085	EukM6_1255085
EukM6_1255085	EukM6_1255084
EukM6_1255355	EukM6_1255355
EukM6_1255355	EukM6_1255356
EukM6_1255355	EukM6_1272471
EukM6_1256094	EukM6_1256094
EukM6_1256094	EukM6_1256095
EukM6_1256094	EukM6_1256156
EukM6_1256094	EukM6_1256157
EukM6_1256094	EukM6_1268013
EukM6_1264480	EukM6_1264480
EukM6_1264480	EukM6_1256688
EukM6_1266193	EukM6_1266193
EukM6_1266193	EukM6_1256612
EukM6_1653373	EukM6_1653373
EukM6_1656247	EukM6_1656247
EukM6_1660143	EukM6_1660143
EukM6_1663236	EukM6_1663236
EukM6_1669715	EukM6_1669715
EukM6_1674852	EukM6_1674852
EukM6_1676018	EukM6_1676018
EukM6_1676471	EukM6_1676471
EukM6_1683497	EukM6_1683497
EukM6_1688197	EukM6_1688197
EukM6_1688197	EukM6_1688199
EukM6_1688197	EukM6_1688200
EukM6_1688197	EukM6_1688201
EukM6_1688197	EukM6_1688202
EukM6_1688197	EukM6_1688203
EukM6_1688197	EukM6_1688204
EukM6_1688197	EukM6_1688205
EukM6_1688197	EukM6_1688206
EukM6_1688197	EukM6_1688208
EukM6_1688197	EukM6_1688209
EukM6_1688197	EukM6_1688210
EukM6_1691370	EukM6_1691370
EukM6_1713309	EukM6_1713309
EukM6_1714010	EukM6_1714010
EukM6_1714873	EukM6_1714873
EukM6_1738544	EukM6_1738544
EukM6_1740969	EukM6_1740969
EukM6_1740969	EukM6_1740970
EukM6_1740969	EukM6_1740971
EukM6_1740969	EukM6_1740972
EukM6_1740969	EukM6_1740973
EukM6_1740969	EukM6_1740975
EukM6_1742231	EukM6_1742231
EukM6_1742231	EukM6_1742232
EukM6_1742231	EukM6_1742233
EukM6_1750019	EukM6_1750019
EukM6_1751145	EukM6_1751145
EukM6_1752307	EukM6_1752307
EukM6_1754885	EukM6_1754885
EukM6_1754886	EukM6_1754886
EukM6_1756906	EukM6_1756906
EukM6_1759614	EukM6_1759614
EukM6_1760349	EukM6_1760349
EukM6_1761560	EukM6_1761560
EukM6_1761764	EukM6_1761764
EukM6_1761765	EukM6_1761765
EukM6_1761829	EukM6_1761829
EukM6_1769625	EukM6_1769625
EukM6_1769625	EukM6_1813106
EukM6_1769625	EukM6_1813107
EukM6_1769625	EukM6_5924065
EukM6_1796104	EukM6_1796104
EukM6_1815895	EukM6_1815895
EukM6_1815895	EukM6_1782990
EukM6_1818144	EukM6_1818144
EukM6_1818144	EukM6_1818145
EukM6_1818144	EukM6_1818146
EukM6_1818144	EukM6_1832981
EukM6_1818144	EukM6_391875
EukM6_1818144	EukM6_391876
EukM6_1818144	EukM6_391877
EukM6_1818144	EukM6_391878
EukM6_1818144	EukM6_391880
EukM6_1818144	EukM6_391881
EukM6_1818144	EukM6_391882
EukM6_1818144	EukM6_391883
EukM6_1818144	EukM6_391884
EukM6_1818144	EukM6_391885
EukM6_1818144	EukM6_391886
EukM6_1818144	EukM6_391887
EukM6_1818144	EukM6_429304
EukM6_1818144	EukM6_429305
EukM6_1818144	EukM6_429306
EukM6_1818144	EukM6_429307
EukM6_1818144	EukM6_429308
EukM6_1818144	EukM6_429309
EukM6_1818144	EukM6_442441
EukM6_1818144	EukM6_442442
EukM6_1818144	EukM6_442443
EukM6_1818144	EukM6_442444
EukM6_1818144	EukM6_448082
EukM6_1818144	EukM6_1463104
EukM6_1818144	EukM6_1463105
EukM6_1818144	EukM6_1939265
EukM6_1818144	EukM6_1939266
EukM6_1818144	EukM6_1939267
EukM6_1818144	EukM6_1939268
EukM6_1818144	EukM6_1939269
EukM6_1818144	EukM6_1939270
EukM6_1818144	EukM6_2188611
EukM6_1818144	EukM6_2188612
EukM6_1818144	EukM6_2188613
EukM6_1818144	EukM6_2188615
EukM6_1818144	EukM6_2188616
EukM6_1818144	EukM6_2188617
EukM6_1818144	EukM6_3653369
EukM6_1818144	EukM6_6029225
EukM6_1818144	EukM6_6029226
EukM6_1818144	EukM6_6311150
EukM6_1818144	EukM6_6311151
EukM6_1818144	EukM6_6311152
EukM6_1818144	EukM6_6311153
EukM6_1818144	EukM6_6311154
EukM6_1818144	EukM6_6311155
EukM6_1818144	EukM6_6311156
EukM6_2005287	EukM6_2005287
EukM6_2006247	EukM6_2006247
EukM6_2006454	EukM6_2006454
EukM6_2006454	EukM6_2005117
EukM6_2014672	EukM6_2014672
EukM6_2018810	EukM6_2018810
EukM6_2018810	EukM6_1998840
EukM6_2021320	EukM6_2021320
EukM6_2021320	EukM6_2015246
EukM6_2024762	EukM6_2024762
EukM6_2024762	EukM6_2024761
EukM6_2031198	EukM6_2031198
EukM6_2036174	EukM6_2036174
EukM6_2036174	EukM6_2036107
EukM6_2053046	EukM6_2053046
EukM6_2055168	EukM6_2055168
EukM6_2056329	EukM6_2056329
EukM6_2057586	EukM6_2057586
EukM6_2058237	EukM6_2058237
EukM6_2061152	EukM6_2061152
EukM6_2062122	EukM6_2062122
EukM6_2072126	EukM6_2072126
EukM6_2072126	EukM6_2072125
EukM6_2072548	EukM6_2072548
EukM6_2072548	EukM6_2072547
EukM6_2076073	EukM6_2076073
EukM6_2076073	EukM6_2071714
EukM6_2076073	EukM6_2076074
EukM6_2076073	EukM6_2076075
EukM6_2076073	EukM6_2076076
EukM6_2076073	EukM6_2076220
EukM6_2076073	EukM6_2078155
EukM6_2080147	EukM6_2080147
EukM6_2080147	EukM6_641280
EukM6_2080147	EukM6_2080148
EukM6_2080147	EukM6_2080149
EukM6_2080147	EukM6_2080150
EukM6_2080147	EukM6_3345664
EukM6_2080147	EukM6_3716012
EukM6_2080147	EukM6_6153739
EukM6_2085852	EukM6_2085852
EukM6_2085852	EukM6_2085853
EukM6_2085852	EukM6_2085854
EukM6_2092436	EukM6_2092436
EukM6_2092436	EukM6_2092435
EukM6_2092725	EukM6_2092725
EukM6_2094151	EukM6_2094151
EukM6_2095571	EukM6_2095571
EukM6_2097940	EukM6_2097940
EukM6_2099103	EukM6_2099103
EukM6_2099223	EukM6_2099223
EukM6_2104768	EukM6_2104768
EukM6_2104768	EukM6_2104767
EukM6_2111374	EukM6_2111374
EukM6_2111374	EukM6_2111373
EukM6_2112611	EukM6_2112611
EukM6_2116691	EukM6_2116691
EukM6_2116699	EukM6_2116699
EukM6_2122184	EukM6_2122184
EukM6_2122184	EukM6_2122183
EukM6_2128225	EukM6_2128225
EukM6_2196643	EukM6_2196643
EukM6_2196687	EukM6_2196687
EukM6_5561080	EukM6_5561080
EukM6_5582964	EukM6_5582964
EukM6_5582964	EukM6_5582963
EukM6_5582964	EukM6_3875239
EukM6_5582964	EukM6_3855060
EukM6_5587361	EukM6_5587361
EukM6_5591307	EukM6_5591307
EukM6_5594076	EukM6_5594076
EukM6_5594517	EukM6_5594517
EukM6_5594517	EukM6_1077035
EukM6_5596642	EukM6_5596642
EukM6_5599449	EukM6_5599449
EukM6_5599617	EukM6_5599617
EukM6_5600533	EukM6_5600533
EukM6_5604908	EukM6_5604908
EukM6_5621230	EukM6_5621230
EukM6_5624554	EukM6_5624554
EukM6_5625006	EukM6_5625006
EukM6_5627190	EukM6_5627190
EukM6_5635747	EukM6_5635747
EukM6_5637550	EukM6_5637550
EukM6_5640286	EukM6_5640286
EukM6_5642799	EukM6_5642799
EukM6_5647233	EukM6_5647233
EukM6_5647233	EukM6_5641025
EukM6_5649247	EukM6_5649247
EukM6_5649247	EukM6_5644826
EukM6_5650905	EukM6_5650905
EukM6_5658589	EukM6_5658589
EukM6_5662484	EukM6_5662484
EukM6_5663293	EukM6_5663293
EukM6_5669060	EukM6_5669060
EukM6_5681037	EukM6_5681037
EukM6_5681037	EukM6_365800
EukM6_5681037	EukM6_2746425
EukM6_5681037	EukM6_2711648
EukM6_5688194	EukM6_5688194
EukM6_5688194	EukM6_5688169
EukM6_5692189	EukM6_5692189
EukM6_5692189	EukM6_5695788
EukM6_5692189	EukM6_5701601
EukM6_5692189	EukM6_5728465
EukM6_5705432	EukM6_5705432
EukM6_5705432	EukM6_5705431
EukM6_5707147	EukM6_5707147
EukM6_5728800	EukM6_5728800
EukM6_5728800	EukM6_5705350
EukM6_5728800	EukM6_5709314
EukM6_5729017	EukM6_5729017
EukM6_5732151	EukM6_5732151
EukM6_5732859	EukM6_5732859
EukM6_5733807	EukM6_5733807
EukM6_5733994	EukM6_5733994
EukM6_5735325	EukM6_5735325
EukM6_5736617	EukM6_5736617
EukM6_5737394	EukM6_5737394
EukM6_5738015	EukM6_5738015
EukM6_5738019	EukM6_5738019
EukM6_5739620	EukM6_5739620
EukM6_5742594	EukM6_5742594
EukM6_5745481	EukM6_5745481
EukM6_5745481	EukM6_3541117
EukM6_5749761	EukM6_5749761
EukM6_5758574	EukM6_5758574
EukM6_5759777	EukM6_5759777
EukM6_5759777	EukM6_3520430
EukM6_5763078	EukM6_5763078
EukM6_5763823	EukM6_5763823
EukM6_5763823	EukM6_5763824
EukM6_5763823	EukM6_5763825
EukM6_5764634	EukM6_5764634
EukM6_5768003	EukM6_5768003
EukM6_5768003	EukM6_1684039
EukM6_5768003	EukM6_5765352
EukM6_5772734	EukM6_5772734
EukM6_5772734	EukM6_5772733
EukM6_5778899	EukM6_5778899
EukM6_5801817	EukM6_5801817
EukM6_5809750	EukM6_5809750
EukM6_5812575	EukM6_5812575
EukM6_5819558	EukM6_5819558
EukM6_5819558	EukM6_5818209
EukM6_5833191	EukM6_5833191
EukM6_5833191	EukM6_5829478
EukM6_5840804	EukM6_5840804
EukM6_5840804	EukM6_5808235
EukM6_5840804	EukM6_5812296
EukM6_5851992	EukM6_5851992
EukM6_5856929	EukM6_5856929
EukM6_5859155	EukM6_5859155
EukM6_5872797	EukM6_5872797
EukM6_5874684	EukM6_5874684
EukM6_5874684	EukM6_5874694
EukM6_5874684	EukM6_5874695
EukM6_5874684	EukM6_5874696
EukM6_5875731	EukM6_5875731
EukM6_5875760	EukM6_5875760
EukM6_5877315	EukM6_5877315
EukM6_5878570	EukM6_5878570
EukM6_5880933	EukM6_5880933
EukM6_5882015	EukM6_5882015
EukM6_5884360	EukM6_5884360
EukM6_5886803	EukM6_5886803
EukM6_5886803	EukM6_1969612
EukM6_5886826	EukM6_5886826
EukM6_5887095	EukM6_5887095
EukM6_5888387	EukM6_5888387
EukM6_5888387	EukM6_1961026
EukM6_5889882	EukM6_5889882
EukM6_5889882	EukM6_1969730
EukM6_5892402	EukM6_5892402
EukM6_5892402	EukM6_1961606
EukM6_5898806	EukM6_5898806
EukM6_5906275	EukM6_5906275
EukM6_5908846	EukM6_5908846
EukM6_5908846	EukM6_1769504
EukM6_5908846	EukM6_1769507
EukM6_5908846	EukM6_1782769
EukM6_5908846	EukM6_1788280
EukM6_5908846	EukM6_1804853
EukM6_5931985	EukM6_5931985
EukM6_5931985	EukM6_2612962
EukM6_5931985	EukM6_2605645
EukM6_5933743	EukM6_5933743
EukM6_5936376	EukM6_5936376
EukM6_5936376	EukM6_2608901
EukM6_5936376	EukM6_2609056
EukM6_5938042	EukM6_5938042
EukM6_5943173	EukM6_5943173
EukM6_5949820	EukM6_5949820
EukM6_5953935	EukM6_5953935
EukM6_5954053	EukM6_5954053
EukM6_5954053	EukM6_2063489
EukM6_5954053	EukM6_3795232
EukM6_5958716	EukM6_5958716
EukM6_5958957	EukM6_5958957
EukM6_5960285	EukM6_5960285
EukM6_5960291	EukM6_5960291
EukM6_5960483	EukM6_5960483
EukM6_5960483	EukM6_2058714
EukM6_5961794	EukM6_5961794
EukM6_5962534	EukM6_5962534
EukM6_5962534	EukM6_5962530
EukM6_5963194	EukM6_5963194
EukM6_5963296	EukM6_5963296
EukM6_5964595	EukM6_5964595
EukM6_5965876	EukM6_5965876
EukM6_5969874	EukM6_5969874
EukM6_5970913	EukM6_5970913
EukM6_5971300	EukM6_5971300
EukM6_5975933	EukM6_5975933
EukM6_5979923	EukM6_5979923
EukM6_5998270	EukM6_5998270
EukM6_5998270	EukM6_100177
EukM6_5998270	EukM6_4049236
EukM6_5998270	EukM6_1859781
EukM6_5999228	EukM6_5999228
EukM6_6003690	EukM6_6003690
EukM6_6004486	EukM6_6004486
EukM6_3018622	EukM6_3018622
EukM6_3018622	EukM6_3018623
EukM6_3018622	EukM6_3018624
EukM6_3018943	EukM6_3018943
EukM6_3027941	EukM6_3027941
EukM6_3028368	EukM6_3028368
EukM6_3031428	EukM6_3031428
EukM6_3032441	EukM6_3032441
EukM6_3034054	EukM6_3034054
EukM6_3034054	EukM6_3034053
EukM6_3034880	EukM6_3034880
EukM6_3077492	EukM6_3077492
EukM6_3079010	EukM6_3079010
EukM6_3079422	EukM6_3079422
EukM6_3082940	EukM6_3082940
EukM6_3084030	EukM6_3084030
EukM6_3085460	EukM6_3085460
EukM6_3086170	EukM6_3086170
EukM6_3087174	EukM6_3087174
EukM6_3087475	EukM6_3087475
EukM6_3087636	EukM6_3087636
EukM6_3088222	EukM6_3088222
EukM6_3092206	EukM6_3092206
EukM6_3092206	EukM6_2859877
EukM6_3096663	EukM6_3096663
EukM6_3096663	EukM6_2861376
EukM6_3097160	EukM6_3097160
EukM6_3097160	EukM6_2853045
EukM6_3097160	EukM6_2855523
EukM6_3097160	EukM6_3101112
EukM6_3101185	EukM6_3101185
EukM6_3101425	EukM6_3101425
EukM6_3101425	EukM6_2857871
EukM6_3101425	EukM6_3089386
EukM6_3105097	EukM6_3105097
EukM6_3105097	EukM6_3105077
EukM6_3113661	EukM6_3113661
EukM6_3113661	EukM6_2761273
EukM6_3113661	EukM6_3822330
EukM6_3113661	EukM6_6164754
EukM6_3215545	EukM6_3215545
EukM6_3219107	EukM6_3219107
EukM6_3227067	EukM6_3227067
EukM6_3228111	EukM6_3228111
EukM6_3230894	EukM6_3230894
EukM6_3235941	EukM6_3235941
EukM6_3240592	EukM6_3240592
EukM6_3240673	EukM6_3240673
EukM6_3241232	EukM6_3241232
EukM6_3245095	EukM6_3245095
EukM6_3247260	EukM6_3247260
EukM6_3248613	EukM6_3248613
EukM6_3843364	EukM6_3843364
EukM6_3843364	EukM6_3843363
EukM6_3843364	EukM6_3852639
EukM6_3843364	EukM6_3852640
EukM6_3843364	EukM6_3852641
EukM6_3843364	EukM6_3852643
EukM6_3843364	EukM6_3856392
EukM6_3843364	EukM6_5547802
EukM6_3843364	EukM6_5547803
EukM6_3843364	EukM6_5547804
EukM6_3843364	EukM6_5547805
EukM6_3843364	EukM6_5547810
EukM6_3843364	EukM6_5557958
EukM6_3843364	EukM6_5557959
EukM6_3843364	EukM6_5547806
EukM6_3843364	EukM6_5547807
EukM6_3843364	EukM6_5547808
EukM6_3843364	EukM6_5547809
EukM6_3857551	EukM6_3857551
EukM6_3857551	EukM6_3857550
EukM6_3858414	EukM6_3858414
EukM6_3858414	EukM6_3858415
EukM6_3858414	EukM6_3858416
EukM6_3858414	EukM6_3858417
EukM6_3858414	EukM6_3858418
EukM6_3858414	EukM6_3858419
EukM6_3858414	EukM6_3866683
EukM6_3858414	EukM6_5445238
EukM6_3858414	EukM6_5418066
EukM6_3861583	EukM6_3861583
EukM6_3901737	EukM6_3901737
EukM6_3901737	EukM6_399053
EukM6_3901737	EukM6_399054
EukM6_3901737	EukM6_5039203
EukM6_3901737	EukM6_5270519
EukM6_3902182	EukM6_3902182
EukM6_3902182	EukM6_2553042
EukM6_3902182	EukM6_5034778
EukM6_3910813	EukM6_3910813
EukM6_3910813	EukM6_2153353
EukM6_3910813	EukM6_3911734
EukM6_3910813	EukM6_3921962
EukM6_3910813	EukM6_3941897
EukM6_3910813	EukM6_3953267
EukM6_3910813	EukM6_3914135
EukM6_3910813	EukM6_3942417
EukM6_3973940	EukM6_3973940
EukM6_3973940	EukM6_292043
EukM6_3973940	EukM6_3316905
EukM6_3986514	EukM6_3986514
EukM6_3988241	EukM6_3988241
EukM6_3988286	EukM6_3988286
EukM6_3989396	EukM6_3989396
EukM6_3992551	EukM6_3992551
EukM6_3992990	EukM6_3992990
EukM6_4000704	EukM6_4000704
EukM6_4000704	EukM6_4000675
EukM6_4002815	EukM6_4002815
EukM6_4006360	EukM6_4006360
EukM6_4009033	EukM6_4009033
EukM6_4011526	EukM6_4011526
EukM6_4012570	EukM6_4012570
EukM6_4012664	EukM6_4012664
EukM6_4016018	EukM6_4016018
EukM6_4016295	EukM6_4016295
EukM6_4017278	EukM6_4017278
EukM6_4024170	EukM6_4024170
EukM6_4035979	EukM6_4035979
EukM6_4035979	EukM6_2549470
EukM6_4035979	EukM6_3898645
EukM6_4035979	EukM6_5035279
EukM6_4042023	EukM6_4042023
EukM6_4042023	EukM6_4041924
EukM6_4045726	EukM6_4045726
EukM6_4045791	EukM6_4045791
EukM6_4048963	EukM6_4048963
EukM6_4326990	EukM6_4326990
EukM6_4326990	EukM6_4203479
EukM6_4326990	EukM6_4154388
EukM6_4326990	EukM6_4203480
EukM6_4326990	EukM6_4203481
EukM6_4326990	EukM6_4224284
EukM6_4326990	EukM6_4428286
EukM6_4326990	EukM6_4428287
EukM6_4326990	EukM6_4428289
EukM6_4326990	EukM6_4428290
EukM6_4326990	EukM6_4428294
EukM6_4326990	EukM6_4819877
EukM6_4326990	EukM6_4819878
EukM6_4326990	EukM6_4819880
EukM6_4326990	EukM6_4819883
EukM6_4419780	EukM6_4419780
EukM6_4419780	EukM6_4419781
EukM6_4419780	EukM6_4419782
EukM6_4419780	EukM6_4419784
EukM6_4419780	EukM6_4419786
EukM6_4419780	EukM6_4802370
EukM6_4438358	EukM6_4438358
EukM6_4438358	EukM6_4438375
EukM6_4438358	EukM6_4438403
EukM6_4438358	EukM6_4865697
EukM6_4543016	EukM6_4543016
EukM6_4543016	EukM6_4317056
EukM6_4543016	EukM6_4543017
EukM6_4543016	EukM6_4543019
EukM6_4543016	EukM6_4543020
EukM6_4543016	EukM6_4543021
EukM6_4543016	EukM6_4543023
EukM6_4543016	EukM6_4543025
EukM6_4543016	EukM6_4543029
EukM6_4543016	EukM6_4543030
EukM6_4543016	EukM6_4768084
EukM6_4543016	EukM6_4768091
EukM6_4543016	EukM6_4768093
EukM6_3254510	EukM6_3254510
EukM6_3254594	EukM6_3254594
EukM6_3254594	EukM6_609201
EukM6_3258219	EukM6_3258219
EukM6_3258220	EukM6_3258220
EukM6_3258430	EukM6_3258430
EukM6_3261469	EukM6_3261469
EukM6_3261824	EukM6_3261824
EukM6_3261825	EukM6_3261825
EukM6_3264015	EukM6_3264015
EukM6_3268255	EukM6_3268255
EukM6_3268516	EukM6_3268516
EukM6_3285117	EukM6_3285117
EukM6_3285117	EukM6_3285119
EukM6_3285117	EukM6_3285121
EukM6_3285117	EukM6_3285122
EukM6_3285117	EukM6_3285123
EukM6_3285117	EukM6_74410
EukM6_3292016	EukM6_3292016
EukM6_3292016	EukM6_73046
EukM6_3292016	EukM6_3292017
EukM6_3302044	EukM6_3302044
EukM6_3302044	EukM6_286328
EukM6_3302044	EukM6_3314142
EukM6_3302044	EukM6_3450892
EukM6_3302044	EukM6_3979462
EukM6_3317300	EukM6_3317300
EukM6_3318324	EukM6_3318324
EukM6_3321886	EukM6_3321886
EukM6_3321886	EukM6_3321885
EukM6_3323667	EukM6_3323667
EukM6_3323685	EukM6_3323685
EukM6_3324412	EukM6_3324412
EukM6_3337310	EukM6_3337310
EukM6_3348616	EukM6_3348616
EukM6_3348616	EukM6_5237452
EukM6_3348616	EukM6_6152535
EukM6_3348616	EukM6_2089607
EukM6_3348950	EukM6_3348950
EukM6_3363451	EukM6_3363451
EukM6_3370660	EukM6_3370660
EukM6_3370660	EukM6_3370772
EukM6_3370660	EukM6_3380812
EukM6_3370660	EukM6_3380813
EukM6_3370660	EukM6_3380814
EukM6_3370660	EukM6_3380815
EukM6_3371453	EukM6_3371453
EukM6_3371453	EukM6_3364555
EukM6_3380584	EukM6_3380584
EukM6_3380584	EukM6_3380583
EukM6_3383734	EukM6_3383734
EukM6_3387649	EukM6_3387649
EukM6_3388177	EukM6_3388177
EukM6_3388177	EukM6_3388176
EukM6_3391968	EukM6_3391968
EukM6_3399960	EukM6_3399960
EukM6_3402493	EukM6_3402493
EukM6_3406500	EukM6_3406500
EukM6_3406500	EukM6_1247260
EukM6_3407213	EukM6_3407213
EukM6_3407213	EukM6_1248794
EukM6_3408784	EukM6_3408784
EukM6_3411378	EukM6_3411378
EukM6_3411378	EukM6_1252221
EukM6_3411378	EukM6_1252220
EukM6_3418165	EukM6_3418165
EukM6_3418165	EukM6_2634193
EukM6_3418165	EukM6_3418164
EukM6_4062274	EukM6_4062274
EukM6_4062274	EukM6_3332608
EukM6_4066725	EukM6_4066725
EukM6_4066725	EukM6_3330699
EukM6_4066725	EukM6_2216545
EukM6_4066725	EukM6_1509888
EukM6_4067469	EukM6_4067469
EukM6_4067469	EukM6_3336524
EukM6_4069462	EukM6_4069462
EukM6_4069462	EukM6_3331275
EukM6_4072154	EukM6_4072154
EukM6_4072154	EukM6_3333721
EukM6_4072154	EukM6_4064972
EukM6_4072154	EukM6_3335770
EukM6_4072291	EukM6_4072291
EukM6_4072291	EukM6_3336775
EukM6_4074087	EukM6_4074087
EukM6_4074728	EukM6_4074728
EukM6_4075247	EukM6_4075247
EukM6_4076988	EukM6_4076988
EukM6_4080091	EukM6_4080091
EukM6_4080283	EukM6_4080283
EukM6_4080359	EukM6_4080359
EukM6_4081535	EukM6_4081535
EukM6_4082782	EukM6_4082782
EukM6_4082782	EukM6_4082783
EukM6_4082782	EukM6_4082785
EukM6_4082782	EukM6_4082786
EukM6_4082782	EukM6_4082787
EukM6_4082782	EukM6_4082788
EukM6_4086506	EukM6_4086506
EukM6_4090212	EukM6_4090212
EukM6_4090212	EukM6_4090210
EukM6_4090212	EukM6_4090211
EukM6_4092100	EukM6_4092100
EukM6_4104202	EukM6_4104202
EukM6_4105470	EukM6_4105470
EukM6_4105470	EukM6_4105937
EukM6_4105470	EukM6_4108843
EukM6_4105470	EukM6_4130082
EukM6_4106098	EukM6_4106098
EukM6_4109711	EukM6_4109711
EukM6_4111905	EukM6_4111905
EukM6_4119988	EukM6_4119988
EukM6_4127092	EukM6_4127092
EukM6_4127504	EukM6_4127504
EukM6_4127504	EukM6_4105026
EukM6_4130140	EukM6_4130140
EukM6_4133186	EukM6_4133186
EukM6_4133186	EukM6_4210944
EukM6_4133186	EukM6_4230477
EukM6_4133186	EukM6_4290381
EukM6_4133186	EukM6_4336683
EukM6_4133186	EukM6_4414012
EukM6_4133186	EukM6_4467209
EukM6_4133186	EukM6_4467210
EukM6_4133186	EukM6_4467211
EukM6_4133186	EukM6_4561852
EukM6_4143818	EukM6_4143818
EukM6_4143818	EukM6_4183907
EukM6_4143818	EukM6_4183908
EukM6_4143818	EukM6_4183909
EukM6_4143818	EukM6_4183910
EukM6_4143818	EukM6_4183911
EukM6_4143818	EukM6_4183912
EukM6_4143818	EukM6_4183913
EukM6_4143818	EukM6_4188636
EukM6_4143818	EukM6_4188637
EukM6_4143818	EukM6_4218040
EukM6_4143818	EukM6_4256424
EukM6_4143818	EukM6_4262161
EukM6_4143818	EukM6_4307762
EukM6_4143818	EukM6_4312061
EukM6_4143818	EukM6_4343852
EukM6_4143818	EukM6_4345441
EukM6_4143818	EukM6_4376530
EukM6_4143818	EukM6_4418627
EukM6_4143818	EukM6_4465736
EukM6_4143818	EukM6_4465738
EukM6_4143818	EukM6_4468070
EukM6_4143818	EukM6_4468071
EukM6_4143818	EukM6_4468072
EukM6_4143818	EukM6_4468073
EukM6_4143818	EukM6_4511803
EukM6_4143818	EukM6_4511806
EukM6_4143818	EukM6_4570227
EukM6_4143818	EukM6_4713858
EukM6_4143818	EukM6_4713859
EukM6_4143818	EukM6_4713861
EukM6_4143818	EukM6_4879318
EukM6_4143818	EukM6_4914195
EukM6_4143818	EukM6_4914196
EukM6_4143818	EukM6_4914197
EukM6_4143818	EukM6_4914198
EukM6_4143818	EukM6_4914199
EukM6_4143818	EukM6_4914200
EukM6_4143818	EukM6_4914201
EukM6_4143818	EukM6_4914202
EukM6_4143818	EukM6_4919192
EukM6_4143818	EukM6_4919193
EukM6_4143818	EukM6_4188638
EukM6_4143818	EukM6_4188639
EukM6_4143818	EukM6_4188640
EukM6_4143818	EukM6_4526789
EukM6_4143818	EukM6_4738226
EukM6_4143818	EukM6_4919195
EukM6_4143818	EukM6_4919196
EukM6_4143818	EukM6_4919197
EukM6_4143818	EukM6_4919198
EukM6_4143818	EukM6_4419010
EukM6_4143818	EukM6_4468074
EukM6_4143818	EukM6_4919194
EukM6_4143818	EukM6_4572095
EukM6_4143818	EukM6_4146290
EukM6_4143818	EukM6_4219585
EukM6_4146261	EukM6_4146261
EukM6_4146261	EukM6_4188564
EukM6_4146261	EukM6_4188565
EukM6_4146261	EukM6_4188566
EukM6_4146261	EukM6_4188567
EukM6_4146261	EukM6_4188568
EukM6_4146261	EukM6_4219566
EukM6_4146261	EukM6_4261804
EukM6_4146261	EukM6_4261990
EukM6_4146261	EukM6_4262053
EukM6_4146261	EukM6_4312003
EukM6_4146261	EukM6_4354391
EukM6_4146261	EukM6_4357140
EukM6_4146261	EukM6_4361267
EukM6_4146261	EukM6_4526648
EukM6_4146261	EukM6_4526649
EukM6_4146261	EukM6_4572074
EukM6_4146261	EukM6_4738007
EukM6_4146261	EukM6_4738008
EukM6_4146261	EukM6_4738009
EukM6_4146261	EukM6_4880741
EukM6_4146261	EukM6_4919115
EukM6_4146261	EukM6_4919116
EukM6_4146261	EukM6_4919117
EukM6_4146261	EukM6_4919118
EukM6_4146261	EukM6_4919119
EukM6_4146261	EukM6_4139340
EukM6_4146261	EukM6_4215105
EukM6_4146261	EukM6_4244907
EukM6_4146261	EukM6_4245568
EukM6_4146261	EukM6_4245601
EukM6_4146261	EukM6_4300193
EukM6_4146261	EukM6_4376716
EukM6_4146261	EukM6_4378269
EukM6_4146261	EukM6_4378990
EukM6_4146261	EukM6_4489534
EukM6_4146261	EukM6_4489535
EukM6_4146261	EukM6_4566697
EukM6_4146261	EukM6_4668472
EukM6_4146261	EukM6_4668473
EukM6_4151581	EukM6_4151581
EukM6_4151581	EukM6_4198714
EukM6_4151581	EukM6_4198715
EukM6_4151581	EukM6_4198716
EukM6_4151581	EukM6_4198717
EukM6_4151581	EukM6_4222803
EukM6_4151581	EukM6_4274138
EukM6_4151581	EukM6_4274179
EukM6_4151581	EukM6_4274369
EukM6_4151581	EukM6_4321468
EukM6_4151581	EukM6_4348746
EukM6_4151581	EukM6_4374991
EukM6_4151581	EukM6_4379600
EukM6_4151581	EukM6_4380364
EukM6_4151581	EukM6_4555201
EukM6_4151581	EukM6_4555202
EukM6_4151581	EukM6_4555209
EukM6_4151581	EukM6_4576048
EukM6_4151581	EukM6_4791521
EukM6_4151581	EukM6_4791522
EukM6_4151581	EukM6_4791523
EukM6_4151581	EukM6_4791525
EukM6_4151581	EukM6_4791526
EukM6_4151581	EukM6_4883773
EukM6_4151581	EukM6_4929946
EukM6_4151581	EukM6_4929947
EukM6_4151581	EukM6_4929948
EukM6_4151581	EukM6_4929949
EukM6_4156323	EukM6_4156323
EukM6_4156323	EukM6_4206284
EukM6_4156323	EukM6_4206285
EukM6_4156323	EukM6_4206286
EukM6_4156323	EukM6_4206287
EukM6_4156323	EukM6_4283650
EukM6_4156323	EukM6_4283879
EukM6_4156323	EukM6_4331122
EukM6_4156323	EukM6_4351184
EukM6_4156323	EukM6_4354097
EukM6_4156323	EukM6_4361411
EukM6_4156323	EukM6_4443522
EukM6_4156323	EukM6_4443524
EukM6_4156323	EukM6_4443525
EukM6_4156323	EukM6_4443530
EukM6_4156323	EukM6_4443533
EukM6_4156323	EukM6_4443535
EukM6_4156323	EukM6_4443536
EukM6_4156323	EukM6_4840392
EukM6_4156323	EukM6_4840393
EukM6_4156323	EukM6_4840394
EukM6_4156323	EukM6_4840395
EukM6_4156323	EukM6_4840396
EukM6_4156323	EukM6_4840397
EukM6_4156323	EukM6_4840399
EukM6_4156323	EukM6_4840400
EukM6_4156323	EukM6_4840401
EukM6_4156323	EukM6_4885969
EukM6_4156323	EukM6_4885970
EukM6_4156323	EukM6_4938050
EukM6_4156323	EukM6_4938051
EukM6_4156323	EukM6_4938052
EukM6_4156323	EukM6_4938053
EukM6_4156323	EukM6_4938054
EukM6_4202821	EukM6_4202821
EukM6_4202821	EukM6_2230642
EukM6_4202821	EukM6_4202822
EukM6_4202821	EukM6_4350045
EukM6_4202821	EukM6_4814262
EukM6_4202821	EukM6_4934354
EukM6_4202821	EukM6_4934355
EukM6_4202821	EukM6_4153959
EukM6_4239901	EukM6_4239901
EukM6_4239901	EukM6_4239992
EukM6_4239901	EukM6_4240536
EukM6_4239901	EukM6_4363230
EukM6_4239901	EukM6_4364079
EukM6_4239901	EukM6_4370302
EukM6_4239901	EukM6_4564939
EukM6_4239901	EukM6_4339331
EukM6_4239901	EukM6_4152601
EukM6_4239901	EukM6_4323349
EukM6_4239901	EukM6_4560149
EukM6_4239901	EukM6_4560150
EukM6_4239901	EukM6_4560151
EukM6_4239901	EukM6_4560153
EukM6_4239901	EukM6_4800632
EukM6_4239901	EukM6_4800633
EukM6_4239901	EukM6_4800634
EukM6_4239901	EukM6_4800635
EukM6_4239901	EukM6_4296652
EukM6_4239901	EukM6_4137129
EukM6_4942134	EukM6_4942134
EukM6_4942447	EukM6_4942447
EukM6_4942447	EukM6_1521692
EukM6_4945176	EukM6_4945176
EukM6_4946890	EukM6_4946890
EukM6_4947311	EukM6_4947311
EukM6_4948889	EukM6_4948889
EukM6_4952049	EukM6_4952049
EukM6_4953214	EukM6_4953214
EukM6_4956243	EukM6_4956243
EukM6_4956833	EukM6_4956833
EukM6_4958804	EukM6_4958804
EukM6_4959840	EukM6_4959840
EukM6_4959840	EukM6_4959839
EukM6_4960821	EukM6_4960821
EukM6_4960821	EukM6_4960820
EukM6_4961400	EukM6_4961400
EukM6_4962291	EukM6_4962291
EukM6_4962291	EukM6_4962289
EukM6_4962291	EukM6_4962290
EukM6_4962444	EukM6_4962444
EukM6_4963014	EukM6_4963014
EukM6_4963014	EukM6_1522880
EukM6_4963014	EukM6_1997533
EukM6_4963014	EukM6_1997530
EukM6_4963014	EukM6_1997534
EukM6_4963981	EukM6_4963981
EukM6_4965521	EukM6_4965521
EukM6_4965689	EukM6_4965689
EukM6_4971003	EukM6_4971003
EukM6_4972457	EukM6_4972457
EukM6_4975776	EukM6_4975776
EukM6_4977931	EukM6_4977931
EukM6_4978132	EukM6_4978132
EukM6_1828707	EukM6_1828707
EukM6_1828707	EukM6_1828709
EukM6_1828707	EukM6_1828710
EukM6_1828707	EukM6_1843430
EukM6_1828707	EukM6_5663920
EukM6_1828707	EukM6_389288
EukM6_1828707	EukM6_389290
EukM6_1828707	EukM6_389291
EukM6_1828707	EukM6_389292
EukM6_1828707	EukM6_389293
EukM6_1828707	EukM6_389294
EukM6_1828707	EukM6_389295
EukM6_1828707	EukM6_389296
EukM6_1828707	EukM6_389297
EukM6_1828707	EukM6_389298
EukM6_1828707	EukM6_389299
EukM6_1828707	EukM6_389301
EukM6_1828707	EukM6_389302
EukM6_1828707	EukM6_389303
EukM6_1828707	EukM6_389304
EukM6_1828707	EukM6_389305
EukM6_1828707	EukM6_389306
EukM6_1828707	EukM6_389307
EukM6_1828707	EukM6_389308
EukM6_1828707	EukM6_389309
EukM6_1828707	EukM6_389310
EukM6_1828707	EukM6_389312
EukM6_1828707	EukM6_389313
EukM6_1828707	EukM6_389314
EukM6_1828707	EukM6_389315
EukM6_1828707	EukM6_389316
EukM6_1828707	EukM6_389317
EukM6_1828707	EukM6_389318
EukM6_1828707	EukM6_389319
EukM6_1828707	EukM6_436283
EukM6_1828707	EukM6_436284
EukM6_1828707	EukM6_436285
EukM6_1828707	EukM6_436286
EukM6_1828707	EukM6_436287
EukM6_1828707	EukM6_1455014
EukM6_1828707	EukM6_1455015
EukM6_1828707	EukM6_1455016
EukM6_1828707	EukM6_1455017
EukM6_1828707	EukM6_1925017
EukM6_1828707	EukM6_1925018
EukM6_1828707	EukM6_1925019
EukM6_1828707	EukM6_1925020
EukM6_1828707	EukM6_1925021
EukM6_1828707	EukM6_1925022
EukM6_1828707	EukM6_1925023
EukM6_1828707	EukM6_1925024
EukM6_1828707	EukM6_1925025
EukM6_1828707	EukM6_1925026
EukM6_1828707	EukM6_1925027
EukM6_1828707	EukM6_1925028
EukM6_1828707	EukM6_2177487
EukM6_1828707	EukM6_2177488
EukM6_1828707	EukM6_2177490
EukM6_1828707	EukM6_2177491
EukM6_1828707	EukM6_2177492
EukM6_1828707	EukM6_2177493
EukM6_1828707	EukM6_2177494
EukM6_1828707	EukM6_2177495
EukM6_1828707	EukM6_2177496
EukM6_1828707	EukM6_2177497
EukM6_1828707	EukM6_2177498
EukM6_1828707	EukM6_2177499
EukM6_1828707	EukM6_2177500
EukM6_1828707	EukM6_2732117
EukM6_1828707	EukM6_2740528
EukM6_1828707	EukM6_3650402
EukM6_1828707	EukM6_6020473
EukM6_1828707	EukM6_6020474
EukM6_1828707	EukM6_6029630
EukM6_1828707	EukM6_6029634
EukM6_1828707	EukM6_6029640
EukM6_1828707	EukM6_6029641
EukM6_1828707	EukM6_1197144
EukM6_1828707	EukM6_428416
EukM6_1828707	EukM6_6313717
EukM6_1828707	EukM6_6313718
EukM6_1828707	EukM6_6313719
EukM6_1828707	EukM6_6313720
EukM6_1828707	EukM6_6313721
EukM6_1828707	EukM6_1843136
EukM6_1828707	EukM6_2530746
EukM6_1833573	EukM6_1833573
EukM6_1833573	EukM6_1829257
EukM6_1833573	EukM6_1833576
EukM6_1833573	EukM6_1833578
EukM6_1844539	EukM6_1844539
EukM6_1845792	EukM6_1845792
EukM6_1847202	EukM6_1847202
EukM6_1848277	EukM6_1848277
EukM6_1849642	EukM6_1849642
EukM6_1849795	EukM6_1849795
EukM6_1849803	EukM6_1849803
EukM6_1850518	EukM6_1850518
EukM6_1850549	EukM6_1850549
EukM6_1852143	EukM6_1852143
EukM6_1853323	EukM6_1853323
EukM6_1854000	EukM6_1854000
EukM6_1856827	EukM6_1856827
EukM6_1857831	EukM6_1857831
EukM6_1865034	EukM6_1865034
EukM6_1868013	EukM6_1868013
EukM6_1881929	EukM6_1881929
EukM6_1887876	EukM6_1887876
EukM6_1892177	EukM6_1892177
EukM6_1900091	EukM6_1900091
EukM6_1900092	EukM6_1900092
EukM6_1901529	EukM6_1901529
EukM6_1901529	EukM6_1901496
EukM6_1901529	EukM6_1901528
EukM6_1901634	EukM6_1901634
EukM6_1901634	EukM6_1873178
EukM6_1901745	EukM6_1901745
EukM6_1902455	EukM6_1902455
EukM6_1903996	EukM6_1903996
EukM6_1903996	EukM6_1903995
EukM6_1904826	EukM6_1904826
EukM6_1907413	EukM6_1907413
EukM6_1908283	EukM6_1908283
EukM6_1908623	EukM6_1908623
EukM6_1909616	EukM6_1909616
EukM6_1914000	EukM6_1914000
EukM6_1914000	EukM6_1914001
EukM6_1914000	EukM6_2188990
EukM6_1914000	EukM6_2188991
EukM6_1914000	EukM6_2188993
EukM6_1914000	EukM6_2188994
EukM6_1914000	EukM6_2188995
EukM6_1914000	EukM6_2188996
EukM6_1914000	EukM6_2188997
EukM6_1914000	EukM6_2188998
EukM6_1914000	EukM6_2188999
EukM6_1914000	EukM6_2189000
EukM6_1914000	EukM6_2189001
EukM6_1914000	EukM6_370080
EukM6_1914000	EukM6_370081
EukM6_1914000	EukM6_370082
EukM6_1914000	EukM6_370083
EukM6_1914000	EukM6_370084
EukM6_1914000	EukM6_370085
EukM6_1914000	EukM6_397512
EukM6_1932465	EukM6_1932465
EukM6_1932465	EukM6_1932466
EukM6_1932465	EukM6_2191031
EukM6_1944717	EukM6_1944717
EukM6_1947898	EukM6_1947898
EukM6_1949448	EukM6_1949448
EukM6_1952542	EukM6_1952542
EukM6_1952898	EukM6_1952898
EukM6_1961025	EukM6_1961025
EukM6_1972540	EukM6_1972540
EukM6_1972540	EukM6_1570515
EukM6_1972847	EukM6_1972847
EukM6_1972847	EukM6_1568049
EukM6_1973487	EukM6_1973487
EukM6_1973487	EukM6_1563226
EukM6_1977846	EukM6_1977846
EukM6_1977846	EukM6_1561568
EukM6_1981945	EukM6_1981945
EukM6_1981945	EukM6_1557464
EukM6_1982415	EukM6_1982415
EukM6_1982415	EukM6_1557722
EukM6_1983365	EukM6_1983365
EukM6_1983365	EukM6_1573035
EukM6_1987078	EukM6_1987078
EukM6_1987078	EukM6_1569531
EukM6_1987359	EukM6_1987359
EukM6_1987359	EukM6_1556864
EukM6_1989105	EukM6_1989105
EukM6_1991028	EukM6_1991028
EukM6_1993704	EukM6_1993704
EukM6_1996169	EukM6_1996169
EukM6_2002002	EukM6_2002002
EukM6_2648761	EukM6_2648761
EukM6_2648761	EukM6_3423325
EukM6_2648761	EukM6_2765607
EukM6_2648761	EukM6_2763799
EukM6_2648761	EukM6_2775865
EukM6_2648761	EukM6_2776590
EukM6_2648761	EukM6_2788343
EukM6_2648761	EukM6_2788344
EukM6_2648761	EukM6_2788345
EukM6_2648761	EukM6_5605224
EukM6_2648761	EukM6_5605236
EukM6_2648761	EukM6_2769036
EukM6_2659574	EukM6_2659574
EukM6_2660413	EukM6_2660413
EukM6_2673055	EukM6_2673055
EukM6_2675109	EukM6_2675109
EukM6_2676578	EukM6_2676578
EukM6_2688870	EukM6_2688870
EukM6_2690400	EukM6_2690400
EukM6_2693161	EukM6_2693161
EukM6_2693164	EukM6_2693164
EukM6_2694757	EukM6_2694757
EukM6_2695024	EukM6_2695024
EukM6_2695398	EukM6_2695398
EukM6_2695398	EukM6_2690252
EukM6_2696463	EukM6_2696463
EukM6_2699010	EukM6_2699010
EukM6_2699010	EukM6_2688652
EukM6_2699010	EukM6_2696157
EukM6_2699345	EukM6_2699345
EukM6_2700871	EukM6_2700871
EukM6_2701121	EukM6_2701121
EukM6_2706211	EukM6_2706211
EukM6_2718717	EukM6_2718717
EukM6_2720612	EukM6_2720612
EukM6_2720612	EukM6_2720611
EukM6_2722799	EukM6_2722799
EukM6_2725908	EukM6_2725908
EukM6_2728492	EukM6_2728492
EukM6_2728492	EukM6_2738377
EukM6_2728492	EukM6_2738378
EukM6_2732198	EukM6_2732198
EukM6_2732198	EukM6_2722705
EukM6_2735438	EukM6_2735438
EukM6_2735438	EukM6_2719284
EukM6_2736712	EukM6_2736712
EukM6_2746868	EukM6_2746868
EukM6_2750859	EukM6_2750859
EukM6_2751611	EukM6_2751611
EukM6_2752142	EukM6_2752142
EukM6_2754733	EukM6_2754733
EukM6_2754733	EukM6_2756073
EukM6_2754733	EukM6_2756707
EukM6_2754733	EukM6_3105526
EukM6_2754733	EukM6_3112381
EukM6_2754733	EukM6_3823416
EukM6_2754733	EukM6_3831356
EukM6_2754733	EukM6_6160174
EukM6_2756372	EukM6_2756372
EukM6_2756372	EukM6_3103731
EukM6_2756372	EukM6_3818818
EukM6_2756372	EukM6_6159766
EukM6_2763170	EukM6_2763170
EukM6_2763554	EukM6_2763554
EukM6_2763554	EukM6_2770147
EukM6_2763554	EukM6_2788329
EukM6_2763554	EukM6_2794619
EukM6_2763554	EukM6_2794620
EukM6_2763554	EukM6_2796923
EukM6_2771344	EukM6_2771344
EukM6_2771344	EukM6_2797590
EukM6_2771344	EukM6_2797600
EukM6_2777025	EukM6_2777025
EukM6_2777025	EukM6_2780330
EukM6_2777025	EukM6_2780331
EukM6_2777025	EukM6_2780332
EukM6_2794343	EukM6_2794343
EukM6_2794343	EukM6_2762784
EukM6_2794343	EukM6_2794344
EukM6_2794343	EukM6_2794345
EukM6_2794343	EukM6_2787245
EukM6_2794343	EukM6_2624138
EukM6_2794343	EukM6_2624139
EukM6_2794343	EukM6_2633901
EukM6_2794343	EukM6_2633902
EukM6_2794343	EukM6_2633903
EukM6_2794343	EukM6_2643297
EukM6_2794343	EukM6_2655561
EukM6_2794343	EukM6_2781059
EukM6_2794343	EukM6_2781060
EukM6_2794343	EukM6_3413537
EukM6_2794343	EukM6_3413538
EukM6_2794343	EukM6_3413540
EukM6_2794343	EukM6_3413541
EukM6_2794343	EukM6_3413542
EukM6_2794343	EukM6_5618980
EukM6_2794343	EukM6_5618981
EukM6_2794343	EukM6_5618982
EukM6_2794343	EukM6_5618983
EukM6_2794343	EukM6_5673875
EukM6_2806544	EukM6_2806544
EukM6_2806544	EukM6_1584982
EukM6_2814166	EukM6_2814166
EukM6_2814166	EukM6_1212637
EukM6_2814166	EukM6_1361590
EukM6_2814166	EukM6_2814167
EukM6_2814166	EukM6_2814168
EukM6_2814166	EukM6_2814169
EukM6_2814166	EukM6_2814170
EukM6_2814166	EukM6_2814171
EukM6_2814166	EukM6_2814172
EukM6_784075	EukM6_784075
EukM6_784942	EukM6_784942
EukM6_786907	EukM6_786907
EukM6_787991	EukM6_787991
EukM6_788490	EukM6_788490
EukM6_788809	EukM6_788809
EukM6_789505	EukM6_789505
EukM6_790682	EukM6_790682
EukM6_794339	EukM6_794339
EukM6_802128	EukM6_802128
EukM6_802128	EukM6_802129
EukM6_802128	EukM6_802130
EukM6_802128	EukM6_810756
EukM6_802128	EukM6_810757
EukM6_802128	EukM6_810758
EukM6_802128	EukM6_811739
EukM6_802128	EukM6_811740
EukM6_802128	EukM6_811741
EukM6_802128	EukM6_823505
EukM6_802128	EukM6_831007
EukM6_802128	EukM6_844593
EukM6_802128	EukM6_848202
EukM6_802128	EukM6_848598
EukM6_802128	EukM6_855991
EukM6_802128	EukM6_855992
EukM6_802128	EukM6_855993
EukM6_802128	EukM6_864572
EukM6_802128	EukM6_864573
EukM6_802128	EukM6_864574
EukM6_802128	EukM6_865544
EukM6_802128	EukM6_865545
EukM6_802128	EukM6_865546
EukM6_802128	EukM6_876739
EukM6_802128	EukM6_880957
EukM6_802128	EukM6_881443
EukM6_802128	EukM6_888290
EukM6_802128	EukM6_893813
EukM6_802128	EukM6_894416
EukM6_802128	EukM6_905910
EukM6_802128	EukM6_905932
EukM6_802128	EukM6_905991
EukM6_802128	EukM6_922836
EukM6_802128	EukM6_922844
EukM6_802128	EukM6_922862
EukM6_802128	EukM6_924811
EukM6_802128	EukM6_924833
EukM6_802128	EukM6_924841
EukM6_802128	EukM6_958372
EukM6_802128	EukM6_959860
EukM6_802128	EukM6_963640
EukM6_802128	EukM6_972619
EukM6_802128	EukM6_973722
EukM6_802128	EukM6_973724
EukM6_802128	EukM6_976115
EukM6_802128	EukM6_976116
EukM6_802128	EukM6_1000576
EukM6_802128	EukM6_1002656
EukM6_802128	EukM6_1002886
EukM6_802128	EukM6_1010333
EukM6_802128	EukM6_1029647
EukM6_802128	EukM6_1035729
EukM6_802128	EukM6_1037795
EukM6_802128	EukM6_1050930
EukM6_802128	EukM6_1051630
EukM6_802128	EukM6_1053015
EukM6_802128	EukM6_1054029
EukM6_802128	EukM6_1055329
EukM6_802128	EukM6_1057734
EukM6_802128	EukM6_1059532
EukM6_802128	EukM6_1059740
EukM6_802128	EukM6_1063345
EukM6_802128	EukM6_1067805
EukM6_802128	EukM6_1068328
EukM6_803703	EukM6_803703
EukM6_803703	EukM6_803704
EukM6_803703	EukM6_803705
EukM6_803703	EukM6_824692
EukM6_803703	EukM6_845241
EukM6_803703	EukM6_857571
EukM6_803703	EukM6_857572
EukM6_803703	EukM6_857573
EukM6_803703	EukM6_877504
EukM6_803703	EukM6_889318
EukM6_803703	EukM6_908638
EukM6_803703	EukM6_908658
EukM6_803703	EukM6_908690
EukM6_803703	EukM6_956285
EukM6_803703	EukM6_981692
EukM6_803703	EukM6_981693
EukM6_803703	EukM6_981694
EukM6_803703	EukM6_981695
EukM6_803703	EukM6_1000994
EukM6_803703	EukM6_1029810
EukM6_803703	EukM6_1031165
EukM6_803703	EukM6_1032784
EukM6_803703	EukM6_1058087
EukM6_803703	EukM6_1064094
EukM6_803703	EukM6_803700
EukM6_803703	EukM6_803701
EukM6_803703	EukM6_803702
EukM6_803703	EukM6_824691
EukM6_803703	EukM6_845240
EukM6_803703	EukM6_857568
EukM6_803703	EukM6_857569
EukM6_803703	EukM6_857570
EukM6_803703	EukM6_877502
EukM6_803703	EukM6_889316
EukM6_803703	EukM6_908633
EukM6_803703	EukM6_908666
EukM6_803703	EukM6_908704
EukM6_803703	EukM6_955432
EukM6_803703	EukM6_1000992
EukM6_803703	EukM6_1027666
EukM6_803703	EukM6_1030326
EukM6_803703	EukM6_1031475
EukM6_803703	EukM6_1058085
EukM6_1281709	EukM6_1281709
EukM6_1281710	EukM6_1281710
EukM6_1281710	EukM6_1280179
EukM6_1281771	EukM6_1281771
EukM6_1282289	EukM6_1282289
EukM6_1283817	EukM6_1283817
EukM6_1283843	EukM6_1283843
EukM6_1284975	EukM6_1284975
EukM6_1285143	EukM6_1285143
EukM6_1285178	EukM6_1285178
EukM6_1286410	EukM6_1286410
EukM6_1289553	EukM6_1289553
EukM6_1290227	EukM6_1290227
EukM6_1290299	EukM6_1290299
EukM6_1312306	EukM6_1312306
EukM6_1312306	EukM6_296512
EukM6_1312306	EukM6_2319098
EukM6_1312306	EukM6_2391778
EukM6_1312306	EukM6_3162186
EukM6_1312306	EukM6_3164435
EukM6_1312306	EukM6_3200919
EukM6_1312306	EukM6_3680107
EukM6_1345888	EukM6_1345888
EukM6_1353795	EukM6_1353795
EukM6_1362967	EukM6_1362967
EukM6_1372869	EukM6_1372869
EukM6_1379095	EukM6_1379095
EukM6_1380142	EukM6_1380142
EukM6_1380741	EukM6_1380741
EukM6_1380741	EukM6_1380740
EukM6_1384379	EukM6_1384379
EukM6_1389388	EukM6_1389388
EukM6_1390043	EukM6_1390043
EukM6_1390404	EukM6_1390404
EukM6_1391634	EukM6_1391634
EukM6_1392158	EukM6_1392158
EukM6_1392622	EukM6_1392622
EukM6_1396563	EukM6_1396563
EukM6_1406460	EukM6_1406460
EukM6_1407253	EukM6_1407253
EukM6_1409221	EukM6_1409221
EukM6_1409402	EukM6_1409402
EukM6_1409543	EukM6_1409543
EukM6_1410671	EukM6_1410671
EukM6_1413797	EukM6_1413797
EukM6_1420096	EukM6_1420096
EukM6_1421980	EukM6_1421980
EukM6_1423103	EukM6_1423103
EukM6_1424415	EukM6_1424415
EukM6_1424415	EukM6_1424402
EukM6_1433587	EukM6_1433587
EukM6_1433587	EukM6_187569
EukM6_1433587	EukM6_551691
EukM6_1433587	EukM6_551692
EukM6_1433587	EukM6_551693
EukM6_1433587	EukM6_551694
EukM6_1433587	EukM6_551695
EukM6_1433587	EukM6_551696
EukM6_1433587	EukM6_589182
EukM6_1433587	EukM6_591957
EukM6_1433587	EukM6_604308
EukM6_1433587	EukM6_615104
EukM6_1433587	EukM6_2166892
EukM6_1433587	EukM6_2476090
EukM6_1433587	EukM6_2931631
EukM6_1433587	EukM6_3254411
EukM6_1433587	EukM6_3263776
EukM6_1433587	EukM6_3486832
EukM6_1433587	EukM6_3857913
EukM6_1433587	EukM6_3857914
EukM6_1433587	EukM6_3857916
EukM6_1433587	EukM6_3857917
EukM6_1433587	EukM6_3866065
EukM6_1433587	EukM6_3866066
EukM6_1433587	EukM6_3866067
EukM6_1433587	EukM6_3866068
EukM6_1433587	EukM6_3866682
EukM6_1433587	EukM6_5419940
EukM6_1433587	EukM6_5423318
EukM6_1433587	EukM6_5512282
EukM6_1433587	EukM6_5555581
EukM6_1433587	EukM6_5557287
EukM6_1434515	EukM6_1434515
EukM6_1438895	EukM6_1438895
EukM6_1440460	EukM6_1440460
EukM6_1442016	EukM6_1442016
EukM6_1448112	EukM6_1448112
EukM6_1451243	EukM6_1451243
EukM6_1451543	EukM6_1451543
EukM6_1453708	EukM6_1453708
EukM6_1453708	EukM6_1453709
EukM6_1453708	EukM6_1453710
EukM6_1453708	EukM6_1453712
EukM6_1467452	EukM6_1467452
EukM6_1467452	EukM6_1467454
EukM6_1467452	EukM6_1467455
EukM6_3385844	EukM6_3385844
EukM6_3385844	EukM6_3385843
EukM6_3413273	EukM6_3413273
EukM6_3417896	EukM6_3417896
EukM6_3417896	EukM6_3417895
EukM6_3471644	EukM6_3471644
EukM6_3471644	EukM6_2470604
EukM6_3471644	EukM6_5486996
EukM6_3535499	EukM6_3535499
EukM6_3535499	EukM6_3517426
EukM6_3535499	EukM6_5753796
EukM6_3535499	EukM6_5760398
EukM6_3558383	EukM6_3558383
EukM6_3558383	EukM6_3557298
EukM6_3564408	EukM6_3564408
EukM6_3564408	EukM6_3549280
EukM6_3568520	EukM6_3568520
EukM6_3568520	EukM6_3564191
EukM6_3573776	EukM6_3573776
EukM6_4969690	EukM6_4969690
EukM6_4971917	EukM6_4971917
EukM6_4972255	EukM6_4972255
EukM6_4976473	EukM6_4976473
EukM6_5289323	EukM6_5289323
EukM6_5289323	EukM6_5289324
EukM6_5289323	EukM6_5289325
EukM6_5289323	EukM6_5306028
EukM6_5289323	EukM6_5306029
EukM6_5289323	EukM6_5306030
EukM6_5289323	EukM6_5339037
EukM6_5289323	EukM6_5339248
EukM6_5289323	EukM6_5339372
EukM6_5289323	EukM6_5356591
EukM6_5289323	EukM6_5357778
EukM6_5289323	EukM6_5363754
EukM6_5440947	EukM6_5440947
EukM6_5440947	EukM6_5432878
EukM6_5518598	EukM6_5518598
EukM6_5518598	EukM6_5518599
EukM6_5518598	EukM6_202119
EukM6_5518598	EukM6_216757
EukM6_5518598	EukM6_216758
EukM6_5518598	EukM6_216759
EukM6_5518598	EukM6_544263
EukM6_5518598	EukM6_2475053
EukM6_5518598	EukM6_3251872
EukM6_5518598	EukM6_3490292
EukM6_5518598	EukM6_3251873
EukM6_5518598	EukM6_3251870
EukM6_5634446	EukM6_5634446
EukM6_5637130	EukM6_5637130
EukM6_5653952	EukM6_5653952
EukM6_5653952	EukM6_5642202
EukM6_5654285	EukM6_5654285
EukM6_5684500	EukM6_5684500
EukM6_5684500	EukM6_2743523
EukM6_5684500	EukM6_2715728
EukM6_5730836	EukM6_5730836
EukM6_5741683	EukM6_5741683
EukM6_5741683	EukM6_3518474
EukM6_5745490	EukM6_5745490
EukM6_5745490	EukM6_3521250
EukM6_5747107	EukM6_5747107
EukM6_5750300	EukM6_5750300
EukM6_5861414	EukM6_5861414
EukM6_5929084	EukM6_5929084
EukM6_5934848	EukM6_5934848
EukM6_5936835	EukM6_5936835
EukM6_5936923	EukM6_5936923
EukM6_5940138	EukM6_5940138
EukM6_5940138	EukM6_5940136
EukM6_5940138	EukM6_5940139
EukM6_5940138	EukM6_5940141
EukM6_5940138	EukM6_5940142
EukM6_5940138	EukM6_5942038
EukM6_5940138	EukM6_5940137
EukM6_5945464	EukM6_5945464
EukM6_6018836	EukM6_6018836
EukM6_6018839	EukM6_6018839
EukM6_6022584	EukM6_6022584
EukM6_6022584	EukM6_6022583
EukM6_6022586	EukM6_6022586
EukM6_6022586	EukM6_6022585
EukM6_6025116	EukM6_6025116
EukM6_6025116	EukM6_6022386
EukM6_6142556	EukM6_6142556
EukM6_6196587	EukM6_6196587
EukM6_6196754	EukM6_6196754
EukM6_1156024	EukM6_1156024
EukM6_1156024	EukM6_1156022
EukM6_2645790	EukM6_2645790
EukM6_2645790	EukM6_2643264
EukM6_2645831	EukM6_2645831
EukM6_3374229	EukM6_3374229
EukM6_3386665	EukM6_3386665
EukM6_3412320	EukM6_3412320
EukM6_3419085	EukM6_3419085
EukM6_3426159	EukM6_3426159
EukM6_3427328	EukM6_3427328
EukM6_3427328	EukM6_3427329
EukM6_3427328	EukM6_3427331
EukM6_457905	EukM6_457905
EukM6_457905	EukM6_457906
EukM6_457905	EukM6_457907
EukM6_457905	EukM6_471828
EukM6_457905	EukM6_471829
EukM6_457905	EukM6_471830
EukM6_457905	EukM6_483309
EukM6_457905	EukM6_494185
EukM6_457905	EukM6_507816
EukM6_457905	EukM6_507881
EukM6_457905	EukM6_507896
EukM6_457905	EukM6_514484
EukM6_457905	EukM6_516594
EukM6_457905	EukM6_527084
EukM6_457905	EukM6_529596
EukM6_457905	EukM6_531061
EukM6_458614	EukM6_458614
EukM6_458614	EukM6_458615
EukM6_458614	EukM6_458616
EukM6_458614	EukM6_472521
EukM6_458614	EukM6_472522
EukM6_458614	EukM6_472523
EukM6_458614	EukM6_483830
EukM6_458614	EukM6_494734
EukM6_458614	EukM6_508513
EukM6_458614	EukM6_508625
EukM6_458614	EukM6_508647
EukM6_458614	EukM6_514599
EukM6_458614	EukM6_516701
EukM6_458614	EukM6_527971
EukM6_458614	EukM6_529426
EukM6_458614	EukM6_531811
EukM6_458829	EukM6_458829
EukM6_458829	EukM6_458830
EukM6_458829	EukM6_458831
EukM6_458829	EukM6_458832
EukM6_458829	EukM6_472733
EukM6_458829	EukM6_472734
EukM6_458829	EukM6_472735
EukM6_458829	EukM6_472736
EukM6_458829	EukM6_483997
EukM6_458829	EukM6_494907
EukM6_458829	EukM6_508939
EukM6_458829	EukM6_509050
EukM6_458829	EukM6_509082
EukM6_458829	EukM6_514638
EukM6_458829	EukM6_516739
EukM6_458829	EukM6_528293
EukM6_458829	EukM6_528578
EukM6_458829	EukM6_530949
EukM6_459720	EukM6_459720
EukM6_459720	EukM6_459721
EukM6_459720	EukM6_459722
EukM6_459720	EukM6_473611
EukM6_459720	EukM6_473612
EukM6_459720	EukM6_473613
EukM6_459720	EukM6_484677
EukM6_459720	EukM6_495623
EukM6_459720	EukM6_509748
EukM6_459720	EukM6_509751
EukM6_459720	EukM6_509824
EukM6_459720	EukM6_529169
EukM6_459720	EukM6_529797
EukM6_459720	EukM6_529896
EukM6_460262	EukM6_460262
EukM6_460262	EukM6_460263
EukM6_460262	EukM6_460264
EukM6_460262	EukM6_474142
EukM6_460262	EukM6_474143
EukM6_460262	EukM6_474144
EukM6_460262	EukM6_485070
EukM6_460262	EukM6_496038
EukM6_460262	EukM6_510276
EukM6_460262	EukM6_510297
EukM6_460262	EukM6_510300
EukM6_460262	EukM6_521254
EukM6_460262	EukM6_521405
EukM6_460262	EukM6_522562
EukM6_461217	EukM6_461217
EukM6_461217	EukM6_461218
EukM6_461217	EukM6_461219
EukM6_461217	EukM6_485821
EukM6_461217	EukM6_496823
EukM6_461217	EukM6_517846
EukM6_461217	EukM6_518518
EukM6_461217	EukM6_520186
EukM6_487303	EukM6_487303
EukM6_487303	EukM6_476804
EukM6_489807	EukM6_489807
EukM6_489807	EukM6_479154
EukM6_492616	EukM6_492616
EukM6_492616	EukM6_481828
EukM6_1477878	EukM6_1477878
EukM6_1486163	EukM6_1486163
EukM6_1487197	EukM6_1487197
EukM6_1491131	EukM6_1491131
EukM6_1491131	EukM6_1475595
EukM6_1493082	EukM6_1493082
EukM6_1494503	EukM6_1494503
EukM6_1494503	EukM6_1487743
EukM6_1494503	EukM6_1487744
EukM6_1494503	EukM6_1487745
EukM6_1494503	EukM6_6203615
EukM6_1496051	EukM6_1496051
EukM6_1500134	EukM6_1500134
EukM6_1500263	EukM6_1500263
EukM6_1500758	EukM6_1500758
EukM6_1501732	EukM6_1501732
EukM6_1502782	EukM6_1502782
EukM6_1502782	EukM6_2218805
EukM6_1502782	EukM6_3327801
EukM6_1502782	EukM6_4062235
EukM6_1502782	EukM6_4075326
EukM6_1512650	EukM6_1512650
EukM6_1512650	EukM6_1753502
EukM6_1512650	EukM6_2316496
EukM6_1513327	EukM6_1513327
EukM6_1517347	EukM6_1517347
EukM6_1517922	EukM6_1517922
EukM6_1518494	EukM6_1518494
EukM6_1519894	EukM6_1519894
EukM6_1522170	EukM6_1522170
EukM6_1523742	EukM6_1523742
EukM6_1526254	EukM6_1526254
EukM6_1528504	EukM6_1528504
EukM6_1530814	EukM6_1530814
EukM6_1532764	EukM6_1532764
EukM6_1533719	EukM6_1533719
EukM6_1534757	EukM6_1534757
EukM6_1539646	EukM6_1539646
EukM6_1539646	EukM6_1532925
EukM6_1539797	EukM6_1539797
EukM6_1539797	EukM6_1539798
EukM6_1539797	EukM6_1539799
EukM6_1539797	EukM6_1539800
EukM6_1539797	EukM6_1539801
EukM6_1542219	EukM6_1542219
EukM6_1543255	EukM6_1543255
EukM6_1543255	EukM6_1543254
EukM6_1543299	EukM6_1543299
EukM6_1551452	EukM6_1551452
EukM6_1551860	EukM6_1551860
EukM6_1552947	EukM6_1552947
EukM6_1553539	EukM6_1553539
EukM6_1553847	EukM6_1553847
EukM6_1553847	EukM6_1551734
EukM6_1554204	EukM6_1554204
EukM6_1554223	EukM6_1554223
EukM6_1554281	EukM6_1554281
EukM6_1554782	EukM6_1554782
EukM6_1554934	EukM6_1554934
EukM6_1555113	EukM6_1555113
EukM6_1555213	EukM6_1555213
EukM6_1555349	EukM6_1555349
EukM6_1555359	EukM6_1555359
EukM6_1555517	EukM6_1555517
EukM6_1555667	EukM6_1555667
EukM6_1558036	EukM6_1558036
EukM6_1570076	EukM6_1570076
EukM6_1571105	EukM6_1571105
EukM6_1571212	EukM6_1571212
EukM6_1572499	EukM6_1572499
EukM6_1574935	EukM6_1574935
EukM6_1576440	EukM6_1576440
EukM6_1576449	EukM6_1576449
EukM6_1576945	EukM6_1576945
EukM6_1577476	EukM6_1577476
EukM6_1577757	EukM6_1577757
EukM6_1580789	EukM6_1580789
EukM6_1581299	EukM6_1581299
EukM6_1581368	EukM6_1581368
EukM6_1582311	EukM6_1582311
EukM6_1582311	EukM6_1500842
EukM6_1587822	EukM6_1587822
EukM6_1587822	EukM6_2802362
EukM6_1587822	EukM6_2955032
EukM6_6313430	EukM6_6313430
EukM6_6313430	EukM6_445337
EukM6_6313430	EukM6_445338
EukM6_6313430	EukM6_445339
EukM6_6313430	EukM6_445340
EukM6_6313430	EukM6_445341
EukM6_6316556	EukM6_6316556
EukM6_6316556	EukM6_3650975
EukM6_202705	EukM6_202705
EukM6_202705	EukM6_196737
EukM6_202705	EukM6_196738
EukM6_202705	EukM6_218059
EukM6_493673	EukM6_493673
EukM6_493673	EukM6_482814
EukM6_619296	EukM6_619296
EukM6_619296	EukM6_613590
EukM6_628402	EukM6_628402
EukM6_1088939	EukM6_1088939
EukM6_1096198	EukM6_1096198
EukM6_1102056	EukM6_1102056
EukM6_1155503	EukM6_1155503
EukM6_1155503	EukM6_1155504
EukM6_1155503	EukM6_1155505
EukM6_1155503	EukM6_1155506
EukM6_1155503	EukM6_1155507
EukM6_1155503	EukM6_1155508
EukM6_1155503	EukM6_1155509
EukM6_1155503	EukM6_1155510
EukM6_1155503	EukM6_1155511
EukM6_1176285	EukM6_1176285
EukM6_1183736	EukM6_1183736
EukM6_1321275	EukM6_1321275
EukM6_1479109	EukM6_1479109
EukM6_1499665	EukM6_1499665
EukM6_1574943	EukM6_1574943
EukM6_1580123	EukM6_1580123
EukM6_1844803	EukM6_1844803
EukM6_1910502	EukM6_1910502
EukM6_2030095	EukM6_2030095
EukM6_2060337	EukM6_2060337
EukM6_2060337	EukM6_2051006
EukM6_2223084	EukM6_2223084
EukM6_2382346	EukM6_2382346
EukM6_2382346	EukM6_2391157
EukM6_2382346	EukM6_2403650
EukM6_2382346	EukM6_2403651
EukM6_2382346	EukM6_2403652
EukM6_2382346	EukM6_2403653
EukM6_2382346	EukM6_2403654
EukM6_2382346	EukM6_2403655
EukM6_2382346	EukM6_2403657
EukM6_2382346	EukM6_2403658
EukM6_2382991	EukM6_2382991
EukM6_2382991	EukM6_2338430
EukM6_2382991	EukM6_2392275
EukM6_2382991	EukM6_2392276
EukM6_2382991	EukM6_2392278
EukM6_2382991	EukM6_2392279
EukM6_2382991	EukM6_2405352
EukM6_2382991	EukM6_2405353
EukM6_2382991	EukM6_2405354
EukM6_2382991	EukM6_2445841
EukM6_2382991	EukM6_2451943
EukM6_2382991	EukM6_2451944
EukM6_2382991	EukM6_2451945
EukM6_2382991	EukM6_2451946
EukM6_2382991	EukM6_2451947
EukM6_2382991	EukM6_2405351
EukM6_2458684	EukM6_2458684
EukM6_2592853	EukM6_2592853
EukM6_2607095	EukM6_2607095
EukM6_2612432	EukM6_2612432
EukM6_2647190	EukM6_2647190
EukM6_2647190	EukM6_2641509
EukM6_2676959	EukM6_2676959
EukM6_2692075	EukM6_2692075
EukM6_2958233	EukM6_2958233
EukM6_2960169	EukM6_2960169
EukM6_2965869	EukM6_2965869
EukM6_2991843	EukM6_2991843
EukM6_2995544	EukM6_2995544
EukM6_3163624	EukM6_3163624
EukM6_3163624	EukM6_1317584
EukM6_3163624	EukM6_3188561
EukM6_3163624	EukM6_3188562
EukM6_408171	EukM6_408171
EukM6_408171	EukM6_408170
EukM6_417989	EukM6_417989
EukM6_441512	EukM6_441512
EukM6_449520	EukM6_449520
EukM6_449520	EukM6_463542
EukM6_449520	EukM6_477072
EukM6_449520	EukM6_487585
EukM6_449520	EukM6_499541
EukM6_449520	EukM6_531742
EukM6_453667	EukM6_453667
EukM6_453667	EukM6_467634
EukM6_453667	EukM6_480066
EukM6_453667	EukM6_503246
EukM6_453667	EukM6_529067
EukM6_453979	EukM6_453979
EukM6_453979	EukM6_453980
EukM6_453979	EukM6_453981
EukM6_453979	EukM6_467943
EukM6_453979	EukM6_467944
EukM6_453979	EukM6_467945
EukM6_453979	EukM6_480282
EukM6_453979	EukM6_490991
EukM6_453979	EukM6_503641
EukM6_453979	EukM6_503642
EukM6_453979	EukM6_503793
EukM6_453979	EukM6_527847
EukM6_453979	EukM6_529684
EukM6_453979	EukM6_530544
EukM6_453979	EukM6_536348
EukM6_457464	EukM6_457464
EukM6_457464	EukM6_457465
EukM6_457464	EukM6_457466
EukM6_457464	EukM6_471392
EukM6_457464	EukM6_471393
EukM6_457464	EukM6_471394
EukM6_457464	EukM6_482958
EukM6_457464	EukM6_493823
EukM6_457464	EukM6_507265
EukM6_457464	EukM6_507315
EukM6_457464	EukM6_528667
EukM6_457464	EukM6_507325
EukM6_610078	EukM6_610078
EukM6_610079	EukM6_610079
EukM6_610219	EukM6_610219
EukM6_610219	EukM6_604657
EukM6_613591	EukM6_613591
EukM6_613593	EukM6_613593
EukM6_613593	EukM6_613592
EukM6_614172	EukM6_614172
EukM6_617764	EukM6_617764
EukM6_619297	EukM6_619297
EukM6_621317	EukM6_621317
EukM6_621553	EukM6_621553
EukM6_621553	EukM6_619824
EukM6_628401	EukM6_628401
EukM6_637839	EukM6_637839
EukM6_637839	EukM6_2083367
EukM6_637839	EukM6_3345641
EukM6_637839	EukM6_3715104
EukM6_637839	EukM6_5241657
EukM6_640001	EukM6_640001
EukM6_643052	EukM6_643052
EukM6_649111	EukM6_649111
EukM6_649111	EukM6_669750
EukM6_649111	EukM6_669871
EukM6_649111	EukM6_674521
EukM6_649111	EukM6_682673
EukM6_649111	EukM6_682750
EukM6_649111	EukM6_683352
EukM6_649111	EukM6_733992
EukM6_649111	EukM6_646000
EukM6_649111	EukM6_674693
EukM6_649111	EukM6_676777
EukM6_649111	EukM6_678778
EukM6_649111	EukM6_678970
EukM6_649111	EukM6_696751
EukM6_649111	EukM6_696752
EukM6_649111	EukM6_696753
EukM6_649111	EukM6_710336
EukM6_649111	EukM6_710337
EukM6_649111	EukM6_710338
EukM6_649111	EukM6_723479
EukM6_649111	EukM6_730920
EukM6_649111	EukM6_743947
EukM6_649111	EukM6_751497
EukM6_649111	EukM6_760186
EukM6_649111	EukM6_767271
EukM6_649111	EukM6_773913
EukM6_649111	EukM6_2453439
EukM6_649111	EukM6_2463491
EukM6_651925	EukM6_651925
EukM6_651925	EukM6_662009
EukM6_651925	EukM6_663578
EukM6_651925	EukM6_673087
EukM6_651925	EukM6_686891
EukM6_651925	EukM6_687458
EukM6_651925	EukM6_702852
EukM6_651925	EukM6_702853
EukM6_651925	EukM6_702854
EukM6_651925	EukM6_716334
EukM6_651925	EukM6_716335
EukM6_651925	EukM6_736783
EukM6_651925	EukM6_755383
EukM6_651925	EukM6_777831
EukM6_651925	EukM6_2454473
EukM6_652326	EukM6_652326
EukM6_652326	EukM6_737191
EukM6_652326	EukM6_755660
EukM6_652326	EukM6_778105
EukM6_652715	EukM6_652715
EukM6_652715	EukM6_669643
EukM6_652715	EukM6_674901
EukM6_652715	EukM6_675260
EukM6_652715	EukM6_687605
EukM6_652715	EukM6_687831
EukM6_652715	EukM6_687996
EukM6_652715	EukM6_703744
EukM6_652715	EukM6_703745
EukM6_652715	EukM6_703746
EukM6_652715	EukM6_717201
EukM6_652715	EukM6_717202
EukM6_652715	EukM6_717203
EukM6_652715	EukM6_737572
EukM6_652715	EukM6_755919
EukM6_652715	EukM6_778371
EukM6_652715	EukM6_2454690
EukM6_655351	EukM6_655351
EukM6_655351	EukM6_669179
EukM6_655351	EukM6_673264
EukM6_655351	EukM6_674704
EukM6_655351	EukM6_691458
EukM6_655351	EukM6_691926
EukM6_655351	EukM6_706538
EukM6_655351	EukM6_706539
EukM6_655351	EukM6_706540
EukM6_655351	EukM6_719961
EukM6_655351	EukM6_719962
EukM6_655351	EukM6_740158
EukM6_655351	EukM6_757680
EukM6_655351	EukM6_780156
EukM6_655351	EukM6_2455063
EukM6_655699	EukM6_655699
EukM6_655699	EukM6_662658
EukM6_655699	EukM6_668635
EukM6_655699	EukM6_677344
EukM6_655699	EukM6_728806
EukM6_655699	EukM6_740504
EukM6_655699	EukM6_2454871
EukM6_656233	EukM6_656233
EukM6_656233	EukM6_662217
EukM6_656233	EukM6_665758
EukM6_656233	EukM6_668728
EukM6_656233	EukM6_692502
EukM6_656233	EukM6_692540
EukM6_656233	EukM6_692560
EukM6_656233	EukM6_707403
EukM6_656233	EukM6_707404
EukM6_656233	EukM6_707405
EukM6_656233	EukM6_720809
EukM6_656233	EukM6_720810
EukM6_656233	EukM6_720811
EukM6_656233	EukM6_741029
EukM6_656233	EukM6_758252
EukM6_656233	EukM6_780734
EukM6_656233	EukM6_2457421
EukM6_656233	EukM6_5298268
EukM6_656233	EukM6_5298269
EukM6_656233	EukM6_5298270
EukM6_656233	EukM6_5314799
EukM6_656233	EukM6_5314800
EukM6_656233	EukM6_5314801
EukM6_656233	EukM6_5324224
EukM6_656233	EukM6_5332333
EukM6_656233	EukM6_5348018
EukM6_656233	EukM6_5348053
EukM6_656233	EukM6_5348098
EukM6_656233	EukM6_5354494
EukM6_656233	EukM6_5354574
EukM6_656233	EukM6_5357932
EukM6_656233	EukM6_457428
EukM6_656233	EukM6_457429
EukM6_656233	EukM6_457430
EukM6_656233	EukM6_471356
EukM6_656233	EukM6_471357
EukM6_656233	EukM6_471358
EukM6_656233	EukM6_482922
EukM6_656233	EukM6_493787
EukM6_656233	EukM6_538651
EukM6_657831	EukM6_657831
EukM6_657831	EukM6_662343
EukM6_657831	EukM6_662346
EukM6_657831	EukM6_664304
EukM6_657831	EukM6_694760
EukM6_657831	EukM6_694780
EukM6_657831	EukM6_694900
EukM6_657831	EukM6_708998
EukM6_657831	EukM6_708999
EukM6_657831	EukM6_709000
EukM6_657831	EukM6_722386
EukM6_657831	EukM6_722387
EukM6_657831	EukM6_722388
EukM6_657831	EukM6_742597
EukM6_657831	EukM6_759264
EukM6_657831	EukM6_781785
EukM6_657831	EukM6_2453289
EukM6_5382961	EukM6_5382961
EukM6_5383579	EukM6_5383579
EukM6_5384227	EukM6_5384227
EukM6_5384316	EukM6_5384316
EukM6_5384316	EukM6_2704583
EukM6_5384316	EukM6_1339080
EukM6_5384316	EukM6_5209379
EukM6_5384316	EukM6_6296916
EukM6_5384316	EukM6_5240945
EukM6_5392393	EukM6_5392393
EukM6_5401628	EukM6_5401628
EukM6_5402241	EukM6_5402241
EukM6_5403046	EukM6_5403046
EukM6_5404074	EukM6_5404074
EukM6_5404840	EukM6_5404840
EukM6_5407508	EukM6_5407508
EukM6_5438951	EukM6_5438951
EukM6_5438951	EukM6_5418728
EukM6_5443467	EukM6_5443467
EukM6_5443467	EukM6_2695550
EukM6_5443467	EukM6_2942141
EukM6_5443467	EukM6_5418689
EukM6_5447496	EukM6_5447496
EukM6_5447496	EukM6_5436445
EukM6_5449019	EukM6_5449019
EukM6_5449019	EukM6_5430313
EukM6_5450186	EukM6_5450186
EukM6_5450186	EukM6_5444355
EukM6_5450839	EukM6_5450839
EukM6_5450839	EukM6_5443996
EukM6_5458881	EukM6_5458881
EukM6_5458881	EukM6_5455013
EukM6_5472801	EukM6_5472801
EukM6_5472801	EukM6_3476342
EukM6_5490866	EukM6_5490866
EukM6_5490866	EukM6_2472769
EukM6_5490866	EukM6_3506498
EukM6_5492618	EukM6_5492618
EukM6_5492618	EukM6_2510698
EukM6_5492618	EukM6_3488614
EukM6_5492790	EukM6_5492790
EukM6_5492790	EukM6_2468346
EukM6_5492790	EukM6_3469070
EukM6_5492790	EukM6_3243286
EukM6_5492790	EukM6_556465
EukM6_5501492	EukM6_5501492
EukM6_5501492	EukM6_5501491
EukM6_5501492	EukM6_3479882
EukM6_5501492	EukM6_3479881
EukM6_5501492	EukM6_2465674
EukM6_5514647	EukM6_5514647
EukM6_5514647	EukM6_3499397
EukM6_5514647	EukM6_3499396
EukM6_5514647	EukM6_2465592
EukM6_5528244	EukM6_5528244
EukM6_5531369	EukM6_5531369
EukM6_5531369	EukM6_5531368
EukM6_5532267	EukM6_5532267
EukM6_5535651	EukM6_5535651
EukM6_5536617	EukM6_5536617
EukM6_5537974	EukM6_5537974
EukM6_5538147	EukM6_5538147
EukM6_5538505	EukM6_5538505
EukM6_5541221	EukM6_5541221
EukM6_5541221	EukM6_3865737
EukM6_5541221	EukM6_2936952
EukM6_5541221	EukM6_5574519
EukM6_5541221	EukM6_5574520
EukM6_5541221	EukM6_5582453
EukM6_5541221	EukM6_5582454
EukM6_5541221	EukM6_5582455
EukM6_5541221	EukM6_5582456
EukM6_5541221	EukM6_5582457
EukM6_5541221	EukM6_5582458
EukM6_5541221	EukM6_5582459
EukM6_5541221	EukM6_5582460
EukM6_5541221	EukM6_5582461
EukM6_5541221	EukM6_5582462
EukM6_5541221	EukM6_5582463
EukM6_5541221	EukM6_5582464
EukM6_5541221	EukM6_3838367
EukM6_5541221	EukM6_2936954
EukM6_5541221	EukM6_5440749
EukM6_5541221	EukM6_5432762
EukM6_6008103	EukM6_6008103
EukM6_6009740	EukM6_6009740
EukM6_6010776	EukM6_6010776
EukM6_6015780	EukM6_6015780
EukM6_6015780	EukM6_6021676
EukM6_6015780	EukM6_6021677
EukM6_6015780	EukM6_6026751
EukM6_6015780	EukM6_6033977
EukM6_6042542	EukM6_6042542
EukM6_6042542	EukM6_6042541
EukM6_6050850	EukM6_6050850
EukM6_6050850	EukM6_6050851
EukM6_6050850	EukM6_6050852
EukM6_6050850	EukM6_6050853
EukM6_6050850	EukM6_6050854
EukM6_6050850	EukM6_5465534
EukM6_6128107	EukM6_6128107
EukM6_6129568	EukM6_6129568
EukM6_6132522	EukM6_6132522
EukM6_6134730	EukM6_6134730
EukM6_6138816	EukM6_6138816
EukM6_6139191	EukM6_6139191
EukM6_6139191	EukM6_6134836
EukM6_6162539	EukM6_6162539
EukM6_6167274	EukM6_6167274
EukM6_6167975	EukM6_6167975
EukM6_6168041	EukM6_6168041
EukM6_6168041	EukM6_50675
EukM6_6170469	EukM6_6170469
EukM6_6171956	EukM6_6171956
EukM6_6174314	EukM6_6174314
EukM6_6174475	EukM6_6174475
EukM6_6186816	EukM6_6186816
EukM6_6186936	EukM6_6186936
EukM6_6190368	EukM6_6190368
EukM6_6194231	EukM6_6194231
EukM6_6194545	EukM6_6194545
EukM6_6196670	EukM6_6196670
EukM6_6196985	EukM6_6196985
EukM6_6197534	EukM6_6197534
EukM6_6198664	EukM6_6198664
EukM6_6206318	EukM6_6206318
EukM6_6206318	EukM6_1492212
EukM6_6208112	EukM6_6208112
EukM6_6209806	EukM6_6209806
EukM6_6209806	EukM6_1475644
EukM6_6213456	EukM6_6213456
EukM6_6213456	EukM6_6212415
EukM6_6214283	EukM6_6214283
EukM6_6214881	EukM6_6214881
EukM6_6216026	EukM6_6216026
EukM6_6216502	EukM6_6216502
EukM6_6255405	EukM6_6255405
EukM6_6255405	EukM6_6255406
EukM6_6255405	EukM6_6261948
EukM6_6255405	EukM6_305834
EukM6_6255405	EukM6_325406
EukM6_6255405	EukM6_346993
EukM6_6255405	EukM6_1301470
EukM6_6255405	EukM6_1301471
EukM6_6255405	EukM6_1301472
EukM6_6255405	EukM6_1305064
EukM6_6255405	EukM6_1305065
EukM6_6255405	EukM6_1305066
EukM6_6255405	EukM6_1591523
EukM6_6255405	EukM6_1592008
EukM6_6255405	EukM6_1647346
EukM6_6255405	EukM6_1649830
EukM6_6255405	EukM6_1765796
EukM6_6255405	EukM6_1768684
EukM6_6255405	EukM6_1769505
EukM6_6255405	EukM6_1784893
EukM6_6255405	EukM6_2320579
EukM6_6255405	EukM6_2326517
EukM6_6255405	EukM6_2330262
EukM6_6255405	EukM6_2341781
EukM6_6255405	EukM6_2354669
EukM6_6255405	EukM6_2361985
EukM6_6255405	EukM6_2361986
EukM6_6255405	EukM6_2361987
EukM6_6255405	EukM6_2361988
EukM6_6255405	EukM6_2361989
EukM6_6255405	EukM6_2370251
EukM6_6255405	EukM6_2378021
EukM6_6255405	EukM6_2381758
EukM6_6255405	EukM6_2388102
EukM6_6255405	EukM6_2388103
EukM6_6255405	EukM6_2402477
EukM6_6255405	EukM6_2405330
EukM6_6255405	EukM6_2413133
EukM6_6255405	EukM6_2413134
EukM6_6255405	EukM6_2441092
EukM6_6255405	EukM6_2441888
EukM6_6255405	EukM6_2441889
EukM6_6255405	EukM6_3130388
EukM6_6255405	EukM6_3144181
EukM6_6255405	EukM6_3161207
EukM6_6255405	EukM6_3162328
EukM6_6255405	EukM6_3162660
EukM6_6255405	EukM6_3176450
EukM6_6255405	EukM6_3176451
EukM6_6255405	EukM6_3176570
EukM6_6255405	EukM6_3197137
EukM6_6255405	EukM6_3208760
EukM6_6255405	EukM6_3673079
EukM6_6255405	EukM6_3684731
EukM6_6255405	EukM6_3694090
EukM6_6255405	EukM6_3694091
EukM6_6255405	EukM6_3782200
EukM6_6255405	EukM6_3782201
EukM6_6255405	EukM6_5898783
EukM6_6255405	EukM6_5900536
EukM6_6255405	EukM6_5917524
EukM6_6255405	EukM6_6232047
EukM6_6255405	EukM6_6243536
EukM6_6255405	EukM6_6245468
EukM6_6255405	EukM6_6280939
EukM6_6255405	EukM6_324713
EukM6_6255405	EukM6_324712
EukM6_6255405	EukM6_1324581
EukM6_6255405	EukM6_1595106
EukM6_6255405	EukM6_2405331
EukM6_6255405	EukM6_3690421
EukM6_6255405	EukM6_3690422
EukM6_6255405	EukM6_3775920
EukM6_6255405	EukM6_3775919
EukM6_6289221	EukM6_6289221
EukM6_6289221	EukM6_6240942
EukM6_6289221	EukM6_6246899
EukM6_6289221	EukM6_2335375
EukM6_6289221	EukM6_1317066
EukM6_6289221	EukM6_2350960
EukM6_6289221	EukM6_2350961
EukM6_6289221	EukM6_2350962
EukM6_6289221	EukM6_2350963
EukM6_6289221	EukM6_2382395
EukM6_6289221	EukM6_3140598
EukM6_6289221	EukM6_3163073
EukM6_6289221	EukM6_3167067
EukM6_6289221	EukM6_3167068
EukM6_6289221	EukM6_3167069
EukM6_6289221	EukM6_3210151
EukM6_6289221	EukM6_297000
EukM6_6289221	EukM6_321689
EukM6_6289221	EukM6_341179
EukM6_6289221	EukM6_341180
EukM6_6289221	EukM6_341181
EukM6_6289221	EukM6_341182
EukM6_6289221	EukM6_341183
EukM6_6289221	EukM6_1317067
EukM6_6289221	EukM6_1317068
EukM6_6289221	EukM6_1317070
EukM6_6289221	EukM6_1596246
EukM6_6289221	EukM6_1596247
EukM6_6289221	EukM6_1635084
EukM6_6289221	EukM6_3679670
EukM6_6289221	EukM6_3679671
EukM6_6289221	EukM6_3679672
EukM6_6289221	EukM6_3679673
EukM6_6289221	EukM6_3679674
EukM6_6289221	EukM6_3691320
EukM6_6289221	EukM6_6278226
EukM6_6289221	EukM6_1317072
EukM6_6289221	EukM6_2350958
EukM6_6289221	EukM6_2350965
EukM6_6289221	EukM6_2350966
EukM6_6289221	EukM6_5902679
EukM6_6293754	EukM6_6293754
EukM6_6295612	EukM6_6295612
EukM6_6305333	EukM6_6305333
EukM6_6305333	EukM6_6305332
EukM6_6307506	EukM6_6307506
EukM6_3428516	EukM6_3428516
EukM6_3428516	EukM6_3428515
EukM6_3428887	EukM6_3428887
EukM6_3428887	EukM6_3428886
EukM6_3428890	EukM6_3428890
EukM6_3428890	EukM6_3428889
EukM6_3428977	EukM6_3428977
EukM6_3429479	EukM6_3429479
EukM6_3429479	EukM6_3429476
EukM6_3435559	EukM6_3435559
EukM6_4326098	EukM6_4326098
EukM6_6018830	EukM6_6018830
EukM6_6018855	EukM6_6018855
EukM6_6018855	EukM6_6018829
EukM6_2815936	EukM6_2815936
EukM6_2815936	EukM6_2815934
EukM6_2835007	EukM6_2835007
EukM6_2835007	EukM6_2826051
EukM6_2846683	EukM6_2846683
EukM6_2849161	EukM6_2849161
EukM6_2850796	EukM6_2850796
EukM6_2850796	EukM6_2812772
EukM6_2850989	EukM6_2850989
EukM6_2850989	EukM6_1370187
EukM6_2850989	EukM6_2815186
EukM6_2850989	EukM6_2815187
EukM6_2850989	EukM6_2815188
EukM6_2850989	EukM6_2815189
EukM6_2850989	EukM6_2815190
EukM6_2850989	EukM6_2815191
EukM6_2850989	EukM6_2815192
EukM6_2850989	EukM6_2815194
EukM6_2850989	EukM6_2815195
EukM6_2850989	EukM6_2815196
EukM6_2850989	EukM6_2815197
EukM6_2858795	EukM6_2858795
EukM6_2865705	EukM6_2865705
EukM6_2869364	EukM6_2869364
EukM6_2869365	EukM6_2869365
EukM6_2873872	EukM6_2873872
EukM6_2873872	EukM6_1744024
EukM6_2873872	EukM6_2871467
EukM6_2880280	EukM6_2880280
EukM6_2887431	EukM6_2887431
EukM6_2895533	EukM6_2895533
EukM6_2910461	EukM6_2910461
EukM6_2910461	EukM6_2895718
EukM6_2912419	EukM6_2912419
EukM6_2912419	EukM6_2903210
EukM6_2921404	EukM6_2921404
EukM6_2921404	EukM6_2904724
EukM6_2922305	EukM6_2922305
EukM6_2922305	EukM6_2892579
EukM6_2922305	EukM6_2905352
EukM6_2941231	EukM6_2941231
EukM6_2944076	EukM6_2944076
EukM6_2950238	EukM6_2950238
EukM6_2950238	EukM6_1587073
EukM6_2951226	EukM6_2951226
EukM6_2951226	EukM6_1586273
EukM6_2951226	EukM6_2805324
EukM6_2953482	EukM6_2953482
EukM6_2953482	EukM6_2803337
EukM6_2958985	EukM6_2958985
EukM6_2959011	EukM6_2959011
EukM6_2969649	EukM6_2969649
EukM6_2970074	EukM6_2970074
EukM6_2970074	EukM6_2970072
EukM6_2971697	EukM6_2971697
EukM6_2977911	EukM6_2977911
EukM6_2978573	EukM6_2978573
EukM6_2990462	EukM6_2990462
EukM6_2991926	EukM6_2991926
EukM6_2993644	EukM6_2993644
EukM6_2993814	EukM6_2993814
EukM6_2993814	EukM6_2993813
EukM6_2994812	EukM6_2994812
EukM6_2996109	EukM6_2996109
EukM6_2996268	EukM6_2996268
EukM6_3001958	EukM6_3001958
EukM6_3002242	EukM6_3002242
EukM6_3002606	EukM6_3002606
EukM6_3003527	EukM6_3003527
EukM6_3004109	EukM6_3004109
EukM6_3008206	EukM6_3008206
EukM6_3015153	EukM6_3015153
EukM6_3017828	EukM6_3017828
EukM6_194149	EukM6_194149
EukM6_194163	EukM6_194163
EukM6_194293	EukM6_194293
EukM6_194293	EukM6_201033
EukM6_194293	EukM6_214088
EukM6_194293	EukM6_214089
EukM6_194293	EukM6_214090
EukM6_194293	EukM6_566416
EukM6_194293	EukM6_589210
EukM6_194293	EukM6_625797
EukM6_194293	EukM6_1430373
EukM6_194293	EukM6_2688415
EukM6_194293	EukM6_2942075
EukM6_194293	EukM6_3256421
EukM6_194293	EukM6_3467457
EukM6_194293	EukM6_3841881
EukM6_194293	EukM6_3841882
EukM6_194293	EukM6_3841883
EukM6_194293	EukM6_3841884
EukM6_194293	EukM6_3841885
EukM6_194293	EukM6_3860088
EukM6_194293	EukM6_3860089
EukM6_194293	EukM6_3860090
EukM6_194293	EukM6_3860092
EukM6_194293	EukM6_5423269
EukM6_194293	EukM6_5438238
EukM6_194293	EukM6_5473773
EukM6_194293	EukM6_5473774
EukM6_194293	EukM6_5473775
EukM6_194293	EukM6_5542200
EukM6_194725	EukM6_194725
EukM6_194725	EukM6_202410
EukM6_194725	EukM6_214778
EukM6_194725	EukM6_214779
EukM6_194725	EukM6_217348
EukM6_194725	EukM6_217350
EukM6_194725	EukM6_217351
EukM6_194725	EukM6_567311
EukM6_194725	EukM6_581844
EukM6_194725	EukM6_581845
EukM6_194725	EukM6_581846
EukM6_194725	EukM6_587014
EukM6_194725	EukM6_618535
EukM6_194725	EukM6_627210
EukM6_194725	EukM6_628744
EukM6_194725	EukM6_2133672
EukM6_194725	EukM6_2149049
EukM6_194725	EukM6_2498648
EukM6_194725	EukM6_2519851
EukM6_194725	EukM6_2948522
EukM6_194725	EukM6_3245050
EukM6_194725	EukM6_3245051
EukM6_194725	EukM6_3249184
EukM6_194725	EukM6_3249185
EukM6_194725	EukM6_3256828
EukM6_194725	EukM6_3256843
EukM6_194725	EukM6_3484939
EukM6_194725	EukM6_3484940
EukM6_194725	EukM6_3489719
EukM6_194725	EukM6_3508096
EukM6_194725	EukM6_3856284
EukM6_194725	EukM6_3856285
EukM6_194725	EukM6_3856286
EukM6_194725	EukM6_3875836
EukM6_194725	EukM6_3875837
EukM6_194725	EukM6_3875838
EukM6_194725	EukM6_3875839
EukM6_194725	EukM6_5427043
EukM6_194725	EukM6_5438705
EukM6_194725	EukM6_5478545
EukM6_194725	EukM6_5478546
EukM6_194725	EukM6_5518444
EukM6_194725	EukM6_5548216
EukM6_194725	EukM6_5548217
EukM6_195370	EukM6_195370
EukM6_195370	EukM6_201738
EukM6_195370	EukM6_590801
EukM6_195370	EukM6_597535
EukM6_195370	EukM6_597536
EukM6_195370	EukM6_611621
EukM6_195370	EukM6_2142178
EukM6_195370	EukM6_2149422
EukM6_195370	EukM6_2948482
EukM6_195370	EukM6_5507315
EukM6_195370	EukM6_5579193
EukM6_195370	EukM6_5583227
EukM6_195370	EukM6_579127
EukM6_195370	EukM6_579128
EukM6_195370	EukM6_598704
EukM6_195370	EukM6_611717
EukM6_195370	EukM6_619591
EukM6_195370	EukM6_2497041
EukM6_195370	EukM6_2498781
EukM6_195370	EukM6_2510580
EukM6_195370	EukM6_3226956
EukM6_195370	EukM6_3230517
EukM6_195370	EukM6_3260341
EukM6_195370	EukM6_3264629
EukM6_195370	EukM6_3475561
EukM6_195370	EukM6_3489533
EukM6_195370	EukM6_3492028
EukM6_195370	EukM6_5485748
EukM6_195370	EukM6_5485749
EukM6_195370	EukM6_5490511
EukM6_195370	EukM6_5490512
EukM6_195370	EukM6_598703
EukM6_195370	EukM6_598702
EukM6_195370	EukM6_562077
EukM6_195370	EukM6_562078
EukM6_195399	EukM6_195399
EukM6_199168	EukM6_199168
EukM6_199168	EukM6_209425
EukM6_199168	EukM6_209426
EukM6_199168	EukM6_209427
EukM6_199168	EukM6_209428
EukM6_199168	EukM6_209429
EukM6_199168	EukM6_209430
EukM6_199168	EukM6_209431
EukM6_200562	EukM6_200562
EukM6_200562	EukM6_212835
EukM6_200562	EukM6_3259407
EukM6_207151	EukM6_207151
EukM6_210148	EukM6_210148
EukM6_210148	EukM6_199495
EukM6_211654	EukM6_211654
EukM6_213914	EukM6_213914
EukM6_213914	EukM6_198593
EukM6_218067	EukM6_218067
EukM6_218082	EukM6_218082
EukM6_220463	EukM6_220463
EukM6_228692	EukM6_228692
EukM6_228878	EukM6_228878
EukM6_229496	EukM6_229496
EukM6_240626	EukM6_240626
EukM6_240627	EukM6_240627
EukM6_240628	EukM6_240628
EukM6_242767	EukM6_242767
EukM6_246072	EukM6_246072
EukM6_247175	EukM6_247175
EukM6_258157	EukM6_258157
EukM6_258157	EukM6_258156
EukM6_261993	EukM6_261993
EukM6_261993	EukM6_261996
EukM6_261993	EukM6_2279468
EukM6_261999	EukM6_261999
EukM6_267902	EukM6_267902
EukM6_273098	EukM6_273098
EukM6_277813	EukM6_277813
EukM6_278182	EukM6_278182
EukM6_281731	EukM6_281731
EukM6_291517	EukM6_291517
EukM6_291517	EukM6_289248
EukM6_291517	EukM6_3300307
EukM6_291517	EukM6_3304397
EukM6_291517	EukM6_3980806
EukM6_301780	EukM6_301780
EukM6_301780	EukM6_1299605
EukM6_301780	EukM6_1614167
EukM6_301780	EukM6_1769508
EukM6_301780	EukM6_1787064
EukM6_301780	EukM6_1794748
EukM6_301780	EukM6_1804152
EukM6_301780	EukM6_2367227
EukM6_301780	EukM6_2401862
EukM6_301780	EukM6_2428995
EukM6_301780	EukM6_3151809
EukM6_301780	EukM6_3180287
EukM6_301780	EukM6_3683787
EukM6_301780	EukM6_5908147
EukM6_301780	EukM6_5923113
EukM6_301780	EukM6_6219288
EukM6_301780	EukM6_6243040
EukM6_337575	EukM6_337575
EukM6_337575	EukM6_296966
EukM6_337575	EukM6_1311045
EukM6_337575	EukM6_1311046
EukM6_337575	EukM6_1593744
EukM6_337575	EukM6_1624457
EukM6_337575	EukM6_1624458
EukM6_337575	EukM6_2333222
EukM6_337575	EukM6_2368247
EukM6_337575	EukM6_3117842
EukM6_337575	EukM6_3172723
EukM6_337575	EukM6_3172724
EukM6_337575	EukM6_3671730
EukM6_337575	EukM6_3671731
EukM6_337575	EukM6_3761290
EukM6_337575	EukM6_3761291
EukM6_337575	EukM6_3761293
EukM6_337575	EukM6_3778200
EukM6_337575	EukM6_6264774
EukM6_337575	EukM6_6264775
EukM6_337575	EukM6_3697227
EukM6_337575	EukM6_3761292
EukM6_351894	EukM6_351894
EukM6_351894	EukM6_350833
EukM6_362329	EukM6_362329
EukM6_369279	EukM6_369279
EukM6_369279	EukM6_378377
EukM6_369279	EukM6_378378
EukM6_369279	EukM6_378379
EukM6_369279	EukM6_378380
EukM6_369279	EukM6_378382
EukM6_369279	EukM6_394927
EukM6_5251224	EukM6_5251224
EukM6_5252742	EukM6_5252742
EukM6_5253330	EukM6_5253330
EukM6_5255059	EukM6_5255059
EukM6_5255059	EukM6_404171
EukM6_5255059	EukM6_404172
EukM6_5255059	EukM6_404173
EukM6_5257689	EukM6_5257689
EukM6_5257689	EukM6_415391
EukM6_5264439	EukM6_5264439
EukM6_5264439	EukM6_400907
EukM6_5264583	EukM6_5264583
EukM6_5264583	EukM6_407917
EukM6_5265563	EukM6_5265563
EukM6_5266376	EukM6_5266376
EukM6_5266376	EukM6_398878
EukM6_5267762	EukM6_5267762
EukM6_5267762	EukM6_411127
EukM6_5273087	EukM6_5273087
EukM6_5281754	EukM6_5281754
EukM6_5281755	EukM6_5281755
EukM6_5287412	EukM6_5287412
EukM6_5287412	EukM6_5287413
EukM6_5287412	EukM6_5287414
EukM6_5287412	EukM6_5304165
EukM6_5287412	EukM6_5304166
EukM6_5287412	EukM6_5304167
EukM6_5287412	EukM6_5319208
EukM6_5287412	EukM6_5327095
EukM6_5287412	EukM6_5337638
EukM6_5287412	EukM6_5337776
EukM6_5287412	EukM6_5337791
EukM6_5287412	EukM6_5363435
EukM6_5287412	EukM6_5365006
EukM6_5287412	EukM6_5371737
EukM6_5287934	EukM6_5287934
EukM6_5287934	EukM6_5287936
EukM6_5287934	EukM6_5304674
EukM6_5287934	EukM6_5304675
EukM6_5287934	EukM6_5304676
EukM6_5287934	EukM6_5319483
EukM6_5287934	EukM6_5327375
EukM6_5287934	EukM6_5337334
EukM6_5287934	EukM6_5337377
EukM6_5287934	EukM6_5337529
EukM6_5287934	EukM6_5365265
EukM6_5287934	EukM6_5366203
EukM6_5287934	EukM6_5368523
EukM6_5290152	EukM6_5290152
EukM6_5290152	EukM6_5290153
EukM6_5290152	EukM6_5290154
EukM6_5290152	EukM6_5306848
EukM6_5290152	EukM6_5306849
EukM6_5290152	EukM6_5339842
EukM6_5290152	EukM6_5339964
EukM6_5290152	EukM6_5366318
EukM6_5290152	EukM6_5368012
EukM6_5290152	EukM6_5368698
EukM6_5291092	EukM6_5291092
EukM6_5291092	EukM6_5291093
EukM6_5291092	EukM6_5291094
EukM6_5291092	EukM6_5307754
EukM6_5291092	EukM6_5307755
EukM6_5291092	EukM6_5307756
EukM6_5291092	EukM6_5320973
EukM6_5291092	EukM6_5328922
EukM6_5291092	EukM6_5340535
EukM6_5291092	EukM6_5340642
EukM6_5291092	EukM6_5340823
EukM6_5291092	EukM6_5355181
EukM6_5291092	EukM6_5360122
EukM6_5291092	EukM6_5360297
EukM6_5291092	EukM6_5376803
EukM6_5291515	EukM6_5291515
EukM6_5291515	EukM6_5308162
EukM6_5291515	EukM6_5308163
EukM6_5291515	EukM6_5321155
EukM6_5291515	EukM6_5329110
EukM6_5291515	EukM6_5341196
EukM6_5291515	EukM6_5341212
EukM6_5291515	EukM6_5352547
EukM6_5291515	EukM6_5358769
EukM6_5291515	EukM6_5362500
EukM6_5291515	EukM6_5362811
EukM6_5291515	EukM6_5372880
EukM6_5297969	EukM6_5297969
EukM6_5297969	EukM6_2463196
EukM6_5297969	EukM6_5297970
EukM6_5297969	EukM6_5297971
EukM6_5297969	EukM6_5314504
EukM6_5297969	EukM6_5314505
EukM6_5297969	EukM6_5314506
EukM6_5297969	EukM6_5324088
EukM6_5297969	EukM6_5332193
EukM6_5297969	EukM6_5347726
EukM6_5297969	EukM6_5347747
EukM6_5297969	EukM6_5347816
EukM6_5297969	EukM6_5362426
EukM6_5297969	EukM6_5365070
EukM6_5297969	EukM6_5367864
EukM6_5297969	EukM6_653694
EukM6_5297969	EukM6_738534
EukM6_5297969	EukM6_756580
EukM6_5297969	EukM6_779035
EukM6_5299246	EukM6_5299246
EukM6_5299246	EukM6_5299247
EukM6_5299246	EukM6_5324715
EukM6_5299246	EukM6_5332865
EukM6_5299246	EukM6_5359885
EukM6_5299246	EukM6_5364685
EukM6_5327782	EukM6_5327782
EukM6_5327782	EukM6_5319876
EukM6_2485096	EukM6_2485096
EukM6_2485096	EukM6_2496455
EukM6_2485096	EukM6_2517495
EukM6_2485096	EukM6_3488537
EukM6_2485096	EukM6_3489542
EukM6_2485096	EukM6_5490650
EukM6_2485096	EukM6_5499758
EukM6_2504515	EukM6_2504515
EukM6_2504638	EukM6_2504638
EukM6_2522500	EukM6_2522500
EukM6_2522500	EukM6_2522501
EukM6_2522500	EukM6_2525189
EukM6_2522500	EukM6_2525190
EukM6_2522500	EukM6_2537223
EukM6_2535595	EukM6_2535595
EukM6_2537134	EukM6_2537134
EukM6_2537134	EukM6_2528587
EukM6_2537794	EukM6_2537794
EukM6_2537802	EukM6_2537802
EukM6_2544131	EukM6_2544131
EukM6_2544131	EukM6_3891335
EukM6_2544131	EukM6_5042171
EukM6_2544182	EukM6_2544182
EukM6_2544182	EukM6_2544183
EukM6_2544182	EukM6_3899806
EukM6_2544182	EukM6_4029292
EukM6_2544182	EukM6_4041231
EukM6_2544182	EukM6_5031079
EukM6_2544182	EukM6_3899805
EukM6_2555690	EukM6_2555690
EukM6_2555834	EukM6_2555834
EukM6_2555834	EukM6_2555835
EukM6_2555834	EukM6_2555836
EukM6_2558937	EukM6_2558937
EukM6_2558980	EukM6_2558980
EukM6_2558980	EukM6_2558981
EukM6_2558980	EukM6_2558982
EukM6_2571681	EukM6_2571681
EukM6_2580001	EukM6_2580001
EukM6_2580001	EukM6_2580000
EukM6_2582914	EukM6_2582914
EukM6_2582914	EukM6_2582913
EukM6_2592528	EukM6_2592528
EukM6_2598426	EukM6_2598426
EukM6_2600306	EukM6_2600306
EukM6_2600370	EukM6_2600370
EukM6_2606526	EukM6_2606526
EukM6_2608107	EukM6_2608107
EukM6_2608558	EukM6_2608558
EukM6_2609029	EukM6_2609029
EukM6_2609659	EukM6_2609659
EukM6_2609659	EukM6_2606887
EukM6_2610111	EukM6_2610111
EukM6_2619137	EukM6_2619137
EukM6_2621071	EukM6_2621071
EukM6_2640232	EukM6_2640232
EukM6_2647184	EukM6_2647184
EukM6_2647184	EukM6_2647185
EukM6_2647184	EukM6_2647186
EukM6_2647184	EukM6_3441254
EukM6_2647184	EukM6_3441255
EukM6_2647184	EukM6_3441256
EukM6_2647184	EukM6_3441257
EukM6_2647184	EukM6_3441258
EukM6_4987137	EukM6_4987137
EukM6_4987137	EukM6_4987138
EukM6_4987137	EukM6_4987139
EukM6_4987137	EukM6_4987140
EukM6_4987597	EukM6_4987597
EukM6_4987597	EukM6_4987598
EukM6_4987597	EukM6_5219618
EukM6_4993394	EukM6_4993394
EukM6_4993394	EukM6_4993393
EukM6_4993394	EukM6_4993392
EukM6_5024580	EukM6_5024580
EukM6_5024580	EukM6_5024581
EukM6_5024580	EukM6_5024582
EukM6_5024580	EukM6_5024583
EukM6_5024580	EukM6_5024584
EukM6_5024580	EukM6_5024585
EukM6_5024580	EukM6_5024586
EukM6_5024580	EukM6_5024587
EukM6_5024580	EukM6_5220594
EukM6_5024580	EukM6_5220599
EukM6_5024580	EukM6_2842609
EukM6_5024580	EukM6_2842610
EukM6_5024580	EukM6_2842611
EukM6_5024580	EukM6_2851260
EukM6_5035089	EukM6_5035089
EukM6_5038818	EukM6_5038818
EukM6_5043795	EukM6_5043795
EukM6_5047274	EukM6_5047274
EukM6_5047274	EukM6_5047167
EukM6_5050080	EukM6_5050080
EukM6_5050712	EukM6_5050712
EukM6_5050712	EukM6_5050711
EukM6_5057223	EukM6_5057223
EukM6_5057223	EukM6_5057222
EukM6_5057224	EukM6_5057224
EukM6_5059723	EukM6_5059723
EukM6_5060365	EukM6_5060365
EukM6_5060781	EukM6_5060781
EukM6_5061049	EukM6_5061049
EukM6_5061049	EukM6_5051813
EukM6_5071497	EukM6_5071497
EukM6_5074774	EukM6_5074774
EukM6_5074799	EukM6_5074799
EukM6_5096631	EukM6_5096631
EukM6_5096631	EukM6_5090643
EukM6_5096631	EukM6_5096629
EukM6_5096631	EukM6_5096630
EukM6_5142509	EukM6_5142509
EukM6_5146908	EukM6_5146908
EukM6_5150833	EukM6_5150833
EukM6_5150833	EukM6_5142270
EukM6_5151900	EukM6_5151900
EukM6_5152928	EukM6_5152928
EukM6_5155924	EukM6_5155924
EukM6_5158027	EukM6_5158027
EukM6_5161069	EukM6_5161069
EukM6_5161083	EukM6_5161083
EukM6_5164445	EukM6_5164445
EukM6_5164445	EukM6_5157903
EukM6_5169170	EukM6_5169170
EukM6_5186400	EukM6_5186400
EukM6_5189883	EukM6_5189883
EukM6_5190153	EukM6_5190153
EukM6_5191718	EukM6_5191718
EukM6_5192806	EukM6_5192806
EukM6_5192806	EukM6_5192805
EukM6_5193165	EukM6_5193165
EukM6_5193195	EukM6_5193195
EukM6_5193195	EukM6_5187584
EukM6_5193638	EukM6_5193638
EukM6_5198502	EukM6_5198502
EukM6_5198502	EukM6_2984403
EukM6_5200200	EukM6_5200200
EukM6_5200606	EukM6_5200606
EukM6_5200931	EukM6_5200931
EukM6_5203600	EukM6_5203600
EukM6_5205669	EukM6_5205669
EukM6_5207292	EukM6_5207292
EukM6_5210799	EukM6_5210799
EukM6_5211521	EukM6_5211521
EukM6_5211521	EukM6_1338726
EukM6_5211521	EukM6_2706650
EukM6_5218741	EukM6_5218741
EukM6_5218741	EukM6_30479
EukM6_5218741	EukM6_3618045
EukM6_5218741	EukM6_5024617
EukM6_5218741	EukM6_5700554
EukM6_5218741	EukM6_5726749
EukM6_5218741	EukM6_71786
EukM6_5218741	EukM6_1230627
EukM6_5218741	EukM6_3272935
EukM6_5218741	EukM6_432401
EukM6_5218741	EukM6_388962
EukM6_5218741	EukM6_1471682
EukM6_5218741	EukM6_1824348
EukM6_5218741	EukM6_1932895
EukM6_5218741	EukM6_2180481
EukM6_5218741	EukM6_3647262
EukM6_5218741	EukM6_6012932
EukM6_5218741	EukM6_6308762
EukM6_5218741	EukM6_5663841
EukM6_5218741	EukM6_1720150
EukM6_5218741	EukM6_1146871
EukM6_5218741	EukM6_1720151
EukM6_5218741	EukM6_1744933
EukM6_5218741	EukM6_1744934
EukM6_5218741	EukM6_2812927
EukM6_5218741	EukM6_2812928
EukM6_5218741	EukM6_2793397
EukM6_5218741	EukM6_2628182
EukM6_5218741	EukM6_2793398
EukM6_5218741	EukM6_2793399
EukM6_5218741	EukM6_3424284
EukM6_5218741	EukM6_5621496
EukM6_5218741	EukM6_2871654
EukM6_5218741	EukM6_3366666
EukM6_5218741	EukM6_4096919
EukM6_5218741	EukM6_6129198
EukM6_5231356	EukM6_5231356
EukM6_5231356	EukM6_4986302
EukM6_5236643	EukM6_5236643
EukM6_5246439	EukM6_5246439
EukM6_5247602	EukM6_5247602
EukM6_5250292	EukM6_5250292
EukM6_5250741	EukM6_5250741
EukM6_5251073	EukM6_5251073
